time,tool,failed,parameters,warnings_or_errors
2025-10-19 17:40,Merge,False,"{""inputs"": ""pipe001l.shp;pipe003l.shp;pipe005l.shp;pipe007l.shp;pipe009l.shp;pipe011l.shp;pipe013l.shp;pipe015l.shp;pipe017l.shp;pipe019l.shp;pipe021l.shp;pipe023l.shp;pipe025l.shp;pipe027l.shp;pipe029l.shp;pipe031l.shp;pipe033l.shp;pipe035l.shp;pipe037l.shp;pipe039l.shp;pipe041l.shp;pipe043l.shp;pipe045l.sh..."", ""output"": ""pipe235_Merge""}",
2025-10-19 17:57,Merge,False,"{""inputs"": ""pipe235_Merge;pipe237l.shp;pipe239l.shp;pipe241l.shp;pipe243l.shp;pipe245l.shp;pipe247l.shp;pipe249l.shp;pipe251l.shp;pipe253l.shp;pipe255l.shp;pipe257l.shp;pipe259l.shp;pipe261l.shp;pipe263l.shp;pipe265l.shp;pipe267l.shp;pipe269l.shp;pipe271l.shp;pipe273l.shp;pipe275l.shp;pipe277l.shp;pipe279l.s..."", ""output"": ""pipe235_Merge_Merge401""}",
2025-10-19 18:10,Merge,False,"{""inputs"": ""pipe235_Merge_Merge401;pipe403l.shp;pipe405l.shp;pipe407l.shp;pipe409l.shp;pipe411l.shp;pipe413l.shp;pipe415l.shp;pipe417l.shp;pipe419l.shp;pipe421l.shp;pipe423l.shp;pipe425l.shp;pipe427l.shp;pipe429l.shp;pipe431l.shp;pipe433l.shp;pipe435l.shp;pipe437l.shp;pipe439l.shp;pipe441l.shp;pipe443l.shp;p..."", ""output"": ""pipe235_merge_final_250""}",
2025-10-19 18:29,ExportFeatures,False,"{""in_features"": ""pipe235_Merge_Merge401"", ""out_features"": ""391 Research Phase 1finalcompiled.shp""}",
2025-10-19 18:34,Merge,False,"{""inputs"": ""pipe235_merge_final_250"", ""output"": ""finalpipelineshapfile.shp""}",
2025-10-19 19:07,ExportFeatures,False,"{""in_features"": ""working pipeline"", ""out_features"": ""workingpipelin_ExportFeature"", ""where_clause"": ""DIAMETER < 12""}",
2025-10-19 19:10,ExportFeatures,False,"{""in_features"": ""working pipeline"", ""out_features"": ""workingpipelin_ExportFeature1diameter"", ""where_clause"": ""DIAMETER > 12""}",
2025-10-21 18:00,Project,False,"{""in_dataset"": ""Gas Type"", ""out_dataset"": ""GasType_Projectedfortexas"", ""out_coor_system"": ""PROJCS[\""NAD_1983_2011_Texas_Centric_Mapping_System_Albers\"",GEOGCS[\""GCS_NAD_1983_2011\"",DATUM[\""D_NAD_1983_2011\"",SPHEROID[\""GRS_1980\"",6378137.0,298.257222101]],PRIMEM[\""Greenwich\"",0.0],UNIT[\""Degree\"",0.0174532925199433]],PROJECTION[\""Albers\""],PARAMETER[\""False_Easting\"",1500000.0],PARAMETER[\""False_Northin...""}",
2025-10-21 18:01,Project,False,"{""in_dataset"": ""diametersorting"", ""out_dataset"": ""diametersorting_Projectfortexas"", ""out_coor_system"": ""PROJCS[\""NAD_1983_2011_Texas_Centric_Mapping_System_Albers\"",GEOGCS[\""GCS_NAD_1983_2011\"",DATUM[\""D_NAD_1983_2011\"",SPHEROID[\""GRS_1980\"",6378137.0,298.257222101]],PRIMEM[\""Greenwich\"",0.0],UNIT[\""Degree\"",0.0174532925199433]],PROJECTION[\""Albers\""],PARAMETER[\""False_Easting\"",1500000.0],PARAMETER[\""False_Northin...""}",
2025-10-21 18:18,CalculateField,True,"{""in_table"": ""diametersorting_Projectfortexas_workingv1"", ""out_table"": ""diametersorting_Projectfortexas_workingv1"", ""expression"": ""def classify(d):\n    if 12 <= d < 18:\n        return \""Small (12–18 in)\""\n    elif 18 <= d < 24:\n        return \""Medium (18–24 in)\""\n    elif 24 <= d < 36:\n        return \""Large (24–36 in)\""\n    elif 36 <"", ""field"": ""Dia_class""}",
2025-10-21 18:19,CalculateField,True,"{""in_table"": ""diametersorting_Projectfortexas_workingv1"", ""out_table"": ""diametersorting_Projectfortexas_workingv1"", ""expression"": ""def classify(d):\n    if 12 <= d < 18:\n        return \""Small (12–18 in)\""\n    elif 18 <= d < 24:\n        return \""Medium (18–24 in)\""\n    elif 24 <= d < 36:\n        return \""Large (24–36 in)\""\n    elif 36 <"", ""field"": ""Dia_class""}",
2025-10-21 20:21,CalculateField,False,"{""in_table"": ""diametersorting_Projectfortexas_workingv1"", ""out_table"": ""diametersorting_Projectfortexas_workingv1"", ""expression"": ""combine(!COMMODITY1!, !Dia_Class!)"", ""field"": ""Symb_Class""}",
2025-10-21 22:28,CalculateField,False,"{""in_table"": ""diametersorting_Projectfortexas_workingv1"", ""out_table"": ""diametersorting_Projectfortexas_workingv1"", ""expression"": ""group_gas(!CMDTY_DESC!)"", ""field"": ""Gas_group""}",
2025-10-21 22:30,CalculateField,False,"{""in_table"": ""diametersorting_Projectfortexas_workingv1"", ""out_table"": ""diametersorting_Projectfortexas_workingv1"", ""expression"": ""combine(!Gas_Group!, !Dia_Class!)"", ""field"": ""Symb_Class""}",
2025-10-21 22:33,CalculateField,False,"{""in_table"": ""diametersorting_Projectfortexas_workingv1"", ""out_table"": ""diametersorting_Projectfortexas_workingv1"", ""expression"": ""combine(!Gas_Group!, !Dia_Class!)"", ""field"": ""Gas_group""}",
2025-10-21 22:37,CalculateField,False,"{""in_table"": ""diametersorting_Projectfortexas_workingv1"", ""out_table"": ""diametersorting_Projectfortexas_workingv1"", ""expression"": ""group_gas(!CMDTY_DESC!)"", ""field"": ""Gas_group""}",
2025-10-21 22:40,CalculateField,False,"{""in_table"": ""diametersorting_Projectfortexas_workingv1"", ""out_table"": ""diametersorting_Projectfortexas_workingv1"", ""expression"": ""combine(!Gas_Group!, !Dia_Class!)"", ""field"": ""Symb_Class""}",
2025-10-21 22:42,CalculateField,False,"{""in_table"": ""diametersorting_Projectfortexas_workingv1"", ""out_table"": ""diametersorting_Projectfortexas_workingv1"", ""expression"": ""combine(!Gas_group!, !Dia_class!)"", ""field"": ""Symb_Class""}",
2025-10-21 22:48,CalculateField,False,"{""in_table"": ""diametersorting_Projectfortexas_workingv1"", ""out_table"": ""diametersorting_Projectfortexas_workingv1"", ""expression"": ""combine(!Gas_group!, !Dia_class!)"", ""field"": ""Symb_Class""}",
2025-10-21 22:58,CalculateField,False,"{""in_table"": ""diametersorting_Projectfortexas_workingv2_nonclassifiedsymbologyerrorfix"", ""out_table"": ""diametersorting_Projectfortexas_workingv2_nonclassifiedsymbologyerrorfix"", ""expression"": ""combine(!Gas_group!, !Dia_class!)"", ""field"": ""Symb_Class""}",
2025-10-22 21:28,SelectLayerByAttribute,False,"{""in_layer_or_view"": ""v3"", ""out_layer_or_view"": ""v3"", ""where_clause"": ""\""Gas_group\"" = 'Natural Gas'""}",
2025-10-22 21:29,ExportFeatures,False,"{""in_features"": ""v3"", ""out_features"": ""v3_ExportFeaturesnatural_gas""}",
2025-10-22 21:34,SelectLayerByAttribute,False,"{""in_layer_or_view"": ""v3"", ""out_layer_or_view"": ""v3"", ""where_clause"": ""Gas_group = 'Hydrocarbons / Liquids'""}",
2025-10-22 21:35,ExportFeatures,False,"{""in_features"": ""v3"", ""out_features"": ""v3_ExportFeatures_hydrocarbons_liquids""}",
2025-10-22 21:35,SelectLayerByAttribute,False,"{""in_layer_or_view"": ""v3"", ""out_layer_or_view"": ""v3"", ""where_clause"": ""Gas_group = 'CO₂'""}",
2025-10-22 21:35,ExportFeatures,False,"{""in_features"": ""v3"", ""out_features"": ""v3_ExportFeatures_C02""}",
2025-10-22 21:36,SelectLayerByAttribute,False,"{""in_layer_or_view"": ""v3"", ""out_layer_or_view"": ""v3"", ""where_clause"": ""Gas_group = 'Other / Misc'""}",
2025-10-22 21:36,ExportFeatures,False,"{""in_features"": ""v3"", ""out_features"": ""v3_ExportFeatures_other_randoms""}",
2025-10-30 23:43,FeatureClassToShapefile,False,{},
2025-10-30 23:43,FeatureClassToShapefile,False,{},
2025-10-30 23:47,Project,False,"{""in_dataset"": ""hydrocarbons_buffer_l_SimplifyPolyg_100m"", ""out_dataset"": ""hydrocarbons_buffer_WGS1984"", ""out_coor_system"": ""GEOGCS[\""GCS_WGS_1984\"",DATUM[\""D_WGS_1984\"",SPHEROID[\""WGS_1984\"",6378137.0,298.257223563]],PRIMEM[\""Greenwich\"",0.0],UNIT[\""Degree\"",0.0174532925199433]]""}",
2025-10-30 23:48,Project,False,"{""in_dataset"": ""naturalgas_Buf_SimplifyPolyg_100m"", ""out_dataset"": ""naturalgas_buffer_WGS1984"", ""out_coor_system"": ""GEOGCS[\""GCS_WGS_1984\"",DATUM[\""D_WGS_1984\"",SPHEROID[\""WGS_1984\"",6378137.0,298.257223563]],PRIMEM[\""Greenwich\"",0.0],UNIT[\""Degree\"",0.0174532925199433]]""}",
2025-10-30 23:50,ExportFeatures,False,"{""in_features"": ""hydrocarbons_buffer_WGS1984"", ""out_features"": ""hydrocabonsbuffer.shp""}",
2025-10-30 23:50,ExportFeatures,False,"{""in_features"": ""naturalgas_buffer_WGS1984"", ""out_features"": ""nutralgasbuffer.shp""}",
2025-10-31 00:18,FeatureClassToGeodatabase,False,{},
2025-10-31 00:19,ApplySymbologyFromLayer,False,"{""in_layer"": ""Texas_EcoRegions_shape"", ""out_layer"": ""Texas_EcoRegions_shape""}",
2025-10-31 00:30,ExportTable,False,"{""in_table"": ""Texas_EcoRegions_shape"", ""out_table"": ""EcoAttributes.csv""}",
2025-10-31 01:10,CalculateField,False,"{""in_table"": ""Texas_EcoRegions_shape"", ""out_table"": ""Texas_EcoRegions_shape"", ""expression"": ""group_ecoregion(!NA_L2NAME!)"", ""field"": ""ECOREGION_GROUP""}",
2025-10-31 01:21,Project,False,"{""in_dataset"": ""Texas_GroupedECOregions"", ""out_dataset"": ""ECOREGIONSWGS1984"", ""out_coor_system"": ""GEOGCS[\""GCS_WGS_1984\"",DATUM[\""D_WGS_1984\"",SPHEROID[\""WGS_1984\"",6378137.0,298.257223563]],PRIMEM[\""Greenwich\"",0.0],UNIT[\""Degree\"",0.0174532925199433]]""}",
2025-10-31 01:24,PairwiseIntersect,False,"{""in_features"": ""hydrocarbons_buffer_WGS1984;ECOREGIONSWGS1984"", ""out_feature_class"": ""hydrocarbons_clipped_ecoregions""}",
2025-10-31 01:36,Intersect,False,"{""in_features"": ""ECOREGIONSWGS1984 #;hydrocarbons_buffer_WGS1984 #"", ""out_feature_class"": ""hydrocarbon_ecoregion_intersect"", ""join_attributes"": ""ALL"", ""output_type"": ""INPUT""}",
2025-10-31 01:43,SelectLayerByAttribute,False,"{""in_layer_or_view"": ""hydrocarbon_ecoregion_intersect"", ""out_layer_or_view"": ""hydrocarbon_ecoregion_intersect"", ""where_clause"": ""ECOREGION_GROUP = 'Deserts'""}",
2025-10-31 01:43,SelectLayerByAttribute,False,"{""in_layer_or_view"": ""hydrocarbon_ecoregion_intersect"", ""out_layer_or_view"": ""hydrocarbon_ecoregion_intersect"", ""where_clause"": ""ECOREGION_GROUP = 'Deserts'""}",
2025-10-31 01:44,ExportFeatures,False,"{""in_features"": ""hydrocarbon_ecoregion_intersect"", ""out_features"": ""hydrocarbons_desert""}",
2025-10-31 01:46,SelectLayerByAttribute,False,"{""in_layer_or_view"": ""hydrocarbon_ecoregion_intersect"", ""out_layer_or_view"": ""hydrocarbon_ecoregion_intersect"", ""where_clause"": ""ECOREGION_GROUP = 'Plains'""}",
2025-10-31 01:47,ExportFeatures,False,"{""in_features"": ""hydrocarbon_ecoregion_intersect"", ""out_features"": ""hydrocarbon_plains""}",
2025-10-31 01:49,SelectLayerByAttribute,False,"{""in_layer_or_view"": ""hydrocarbon_ecoregion_intersect"", ""out_layer_or_view"": ""hydrocarbon_ecoregion_intersect"", ""where_clause"": ""ECOREGION_GROUP = 'SEMIARID Plains'""}",
2025-10-31 01:49,ExportFeatures,False,"{""in_features"": ""hydrocarbon_ecoregion_intersect"", ""out_features"": ""hydrocarbon_semiaridplains""}",
2025-10-31 01:50,SelectLayerByAttribute,False,"{""in_layer_or_view"": ""hydrocarbon_ecoregion_intersect"", ""out_layer_or_view"": ""hydrocarbon_ecoregion_intersect"", ""where_clause"": ""ECOREGION_GROUP = 'SEMI-ARID Prairies'""}",
2025-10-31 01:50,ExportFeatures,False,"{""in_features"": ""hydrocarbon_ecoregion_intersect"", ""out_features"": ""hydrocarbon_semiaridpraires""}",
2025-10-31 01:55,Intersect,False,"{""in_features"": ""ECOREGIONSWGS1984 #;naturalgas_buffer_WGS1984 #"", ""out_feature_class"": ""naturalgas_ecoregion_intersect"", ""join_attributes"": ""ALL"", ""output_type"": ""INPUT""}",
2025-10-31 01:56,SelectLayerByAttribute,False,"{""in_layer_or_view"": ""naturalgas_ecoregion_intersect"", ""out_layer_or_view"": ""naturalgas_ecoregion_intersect"", ""where_clause"": ""ECOREGION_GROUP = 'Deserts'""}",
2025-10-31 01:56,ExportFeatures,False,"{""in_features"": ""naturalgas_ecoregion_intersect"", ""out_features"": ""naturalgas__deserts""}",
2025-10-31 01:56,SelectLayerByAttribute,False,"{""in_layer_or_view"": ""naturalgas_ecoregion_intersect"", ""out_layer_or_view"": ""naturalgas_ecoregion_intersect"", ""where_clause"": ""ECOREGION_GROUP = 'Plains'""}",
2025-10-31 01:56,ExportFeatures,False,"{""in_features"": ""naturalgas_ecoregion_intersect"", ""out_features"": ""naturalgas_Plains""}",
2025-10-31 01:56,SelectLayerByAttribute,False,"{""in_layer_or_view"": ""naturalgas_ecoregion_intersect"", ""out_layer_or_view"": ""naturalgas_ecoregion_intersect"", ""where_clause"": ""ECOREGION_GROUP = 'SEMIARID Plains'""}",
2025-10-31 01:57,ExportFeatures,False,"{""in_features"": ""naturalgas_ecoregion_intersect"", ""out_features"": ""naturalgas_semiaridplains""}",
2025-10-31 01:57,SelectLayerByAttribute,False,"{""in_layer_or_view"": ""naturalgas_ecoregion_intersect"", ""out_layer_or_view"": ""naturalgas_ecoregion_intersect"", ""where_clause"": ""ECOREGION_GROUP = 'SEMI-ARID Prairies'""}",
2025-10-31 01:57,ExportFeatures,False,"{""in_features"": ""naturalgas_ecoregion_intersect"", ""out_features"": ""naturalgas_semiaridprairies""}",
2025-10-31 02:08,ExportFeatures,False,"{""in_features"": ""hydrocarbons_desert1"", ""out_features"": ""hydrocarbondesserts.shp""}",
2025-10-31 02:09,ExportFeatures,False,"{""in_features"": ""hydrocarbon_plains2"", ""out_features"": ""hydrocarbonplain.shp""}",
2025-10-31 02:10,ExportFeatures,False,"{""in_features"": ""hydrocarbon_semiaridplains3"", ""out_features"": ""hydrocarbonsemiaridplains.shp""}",
2025-10-31 02:10,ExportFeatures,False,"{""in_features"": ""hydrocarbon_semiaridpraires4"", ""out_features"": ""hydrocarbonsemiaridprairies.shp""}",
2025-10-31 02:11,ExportFeatures,False,"{""in_features"": ""naturalgas__deserts1"", ""out_features"": ""NGdeserts.shp""}",
2025-10-31 02:11,ExportFeatures,False,"{""in_features"": ""naturalgas_Plains2"", ""out_features"": ""NGplains.shp""}",
2025-10-31 02:11,ExportFeatures,False,"{""in_features"": ""naturalgas_semiaridplains3"", ""out_features"": ""NGsemiaridplain.shp""}",
2025-10-31 02:12,ExportFeatures,False,"{""in_features"": ""naturalgas_semiaridprairies4"", ""out_features"": ""NGsemiaridprairies.shp""}",
2025-11-04 18:58,Project,False,"{""in_dataset"": ""liquids pipelines"", ""out_dataset"": ""hydrocarbonsliquids_WGS1984Project"", ""out_coor_system"": ""GEOGCS[\""GCS_WGS_1984\"",DATUM[\""D_WGS_1984\"",SPHEROID[\""WGS_1984\"",6378137.0,298.257223563]],PRIMEM[\""Greenwich\"",0.0],UNIT[\""Degree\"",0.0174532925199433]]""}",
2025-11-04 18:59,Project,False,"{""in_dataset"": ""natural gas pipelines"", ""out_dataset"": ""naturalgaspipelines_WGS1984Project"", ""out_coor_system"": ""GEOGCS[\""GCS_WGS_1984\"",DATUM[\""D_WGS_1984\"",SPHEROID[\""WGS_1984\"",6378137.0,298.257223563]],PRIMEM[\""Greenwich\"",0.0],UNIT[\""Degree\"",0.0174532925199433]]""}",
2025-11-04 19:01,Buffer,False,"{""in_features"": ""naturalgaspipelines_WGS1984Project"", ""out_feature_class"": ""naturalgaspipelines_250mbuffer"", ""buffer_distance_or_field"": ""250 Meters"", ""dissolve_option"": ""ALL"", ""method"": ""PLANAR""}",
2025-11-04 19:36,Buffer,False,"{""in_features"": ""hydrocarbonsliquids_WGS1984Project"", ""out_feature_class"": ""hyrdrocarbonsliq_250mbuffer"", ""buffer_distance_or_field"": ""250 Meters"", ""dissolve_option"": ""ALL"", ""method"": ""PLANAR""}",
2025-11-04 19:52,SimplifyPolygon,False,"{""in_features"": ""hyrdrocarbonsliq_250mbuffer"", ""out_feature_class"": ""hyrdrocarbonsl_250mSimplifyPolyg"", ""algorithm"": ""BEND_SIMPLIFY"", ""tolerance"": ""25 Meters"", ""minimum_area"": ""900 SquareMeters"", ""error_option"": ""NO_CHECK"", ""collapsed_point_option"": ""NO_KEEP""}",
2025-11-04 19:55,SimplifyPolygon,False,"{""in_features"": ""hyrdrocarbonsliq_250mbuffer"", ""out_feature_class"": ""hyrdrocarbonsl_250msimplifed"", ""algorithm"": ""BEND_SIMPLIFY"", ""tolerance"": ""25 Meters"", ""minimum_area"": ""900 SquareMeters"", ""error_option"": ""NO_CHECK"", ""collapsed_point_option"": ""NO_KEEP""}",
2025-11-04 19:58,Project,False,"{""in_dataset"": ""hyrdrocarbonsliq_250mbuffer"", ""out_dataset"": ""hyrdrocarbonsliq_250_Project_Texas"", ""out_coor_system"": ""PROJCS[\""NAD_1983_2011_Texas_Centric_Mapping_System_Albers\"",GEOGCS[\""GCS_NAD_1983_2011\"",DATUM[\""D_NAD_1983_2011\"",SPHEROID[\""GRS_1980\"",6378137.0,298.257222101]],PRIMEM[\""Greenwich\"",0.0],UNIT[\""Degree\"",0.0174532925199433]],PROJECTION[\""Albers\""],PARAMETER[\""False_Easting\"",1500000.0],PARAMETER[\""False_Northin...""}",
2025-11-04 19:59,Project,False,"{""in_dataset"": ""naturalgaspipelines_250mbuffer"", ""out_dataset"": ""naturalgaspipelines__250mproject_texas"", ""out_coor_system"": ""PROJCS[\""NAD_1983_2011_Texas_Centric_Mapping_System_Albers\"",GEOGCS[\""GCS_NAD_1983_2011\"",DATUM[\""D_NAD_1983_2011\"",SPHEROID[\""GRS_1980\"",6378137.0,298.257222101]],PRIMEM[\""Greenwich\"",0.0],UNIT[\""Degree\"",0.0174532925199433]],PROJECTION[\""Albers\""],PARAMETER[\""False_Easting\"",1500000.0],PARAMETER[\""False_Northin...""}",
2025-11-04 20:00,SimplifyPolygon,False,"{""in_features"": ""naturalgaspipelines__250mproject_texas"", ""out_feature_class"": ""naturalgaspipe_250mSimplifyPolyg_texasprojection"", ""algorithm"": ""BEND_SIMPLIFY"", ""tolerance"": ""25 Meters"", ""minimum_area"": ""900 SquareMeters"", ""error_option"": ""NO_CHECK"", ""collapsed_point_option"": ""NO_KEEP""}",
2025-11-04 21:10,SimplifyPolygon,False,"{""in_features"": ""hyrdrocarbonsliq_250_Project_Texas"", ""out_feature_class"": ""hyrdrocarbonsl_250msimplfied_project_texas"", ""algorithm"": ""BEND_SIMPLIFY"", ""tolerance"": ""25 Meters"", ""minimum_area"": ""900 SquareMeters"", ""error_option"": ""NO_CHECK"", ""collapsed_point_option"": ""NO_KEEP""}",
2025-11-04 21:21,Project,False,"{""in_dataset"": ""hyrdrocarbonsl_250msimplfied_project_texas"", ""out_dataset"": ""hyrdrocarbonsl_250ms_wgs1984_simplified"", ""out_coor_system"": ""GEOGCS[\""GCS_WGS_1984\"",DATUM[\""D_WGS_1984\"",SPHEROID[\""WGS_1984\"",6378137.0,298.257223563]],PRIMEM[\""Greenwich\"",0.0],UNIT[\""Degree\"",0.0174532925199433]]""}",
2025-11-04 21:24,SimplifyPolygon,False,"{""in_features"": ""naturalgaspipelines__250mproject_texas"", ""out_feature_class"": ""naturalgaspipe_250m_SimplifyPolyg"", ""algorithm"": ""BEND_SIMPLIFY"", ""tolerance"": ""25 Meters"", ""minimum_area"": ""900 SquareMeters"", ""error_option"": ""NO_CHECK"", ""collapsed_point_option"": ""NO_KEEP""}",
2025-11-06 15:13,Project,False,"{""in_dataset"": ""naturalgaspipe_250m_SimplifyPolyg"", ""out_dataset"": ""naturalgaspipe_250m__simplified_WGS1984"", ""out_coor_system"": ""GEOGCS[\""GCS_WGS_1984\"",DATUM[\""D_WGS_1984\"",SPHEROID[\""WGS_1984\"",6378137.0,298.257223563]],PRIMEM[\""Greenwich\"",0.0],UNIT[\""Degree\"",0.0174532925199433]]""}",
2025-11-06 15:15,Intersect,False,"{""in_features"": ""naturalgaspipe_250m__simplified_WGS1984 #;ECOREGIONSWGS1984 #"", ""out_feature_class"": ""naturalgaspipeline250m_ECOIntersect"", ""join_attributes"": ""ALL"", ""output_type"": ""INPUT""}",
2025-11-06 15:18,Intersect,False,"{""in_features"": ""hyrdrocarbonsl_250ms_wgs1984_simplified #;ECOREGIONSWGS1984 #"", ""out_feature_class"": ""hyrdrocarbons_250m_ECOIntersect"", ""join_attributes"": ""ALL"", ""output_type"": ""INPUT""}",
2025-11-06 15:34,ExportFeatures,False,"{""in_features"": ""hyrdrocarbons_250m_ECOIntersect"", ""out_features"": ""hyrdrocarbons_250m_deserts"", ""where_clause"": ""ECOREGION_GROUP = 'Deserts'""}",
2025-11-06 15:34,ExportFeatures,False,"{""in_features"": ""hyrdrocarbons_250m_ECOIntersect"", ""out_features"": ""hyrdrocarbons_250m_Plains"", ""where_clause"": ""ECOREGION_GROUP = 'Plains'""}",
2025-11-06 15:35,ExportFeatures,False,"{""in_features"": ""hyrdrocarbons_250m_ECOIntersect"", ""out_features"": ""hyrdrocarbons_250m_semiaridplains"", ""where_clause"": ""ECOREGION_GROUP = 'SEMIARID Plains'""}",
2025-11-06 15:35,ExportFeatures,False,"{""in_features"": ""hyrdrocarbons_250m_ECOIntersect"", ""out_features"": ""hyrdrocarbons_250m_semiaridprairies"", ""where_clause"": ""ECOREGION_GROUP = 'SEMI-ARID Prairies'""}",
2025-11-06 15:36,ExportFeatures,False,"{""in_features"": ""naturalgaspipeline250m_ECOIntersect"", ""out_features"": ""naturalgaspipeline250m_deserts"", ""where_clause"": ""ECOREGION_GROUP = 'Deserts'""}",
2025-11-06 15:36,ExportFeatures,False,"{""in_features"": ""naturalgaspipeline250m_ECOIntersect"", ""out_features"": ""naturalgaspipeline250m_plains"", ""where_clause"": ""ECOREGION_GROUP = 'Plains'""}",
2025-11-06 15:37,ExportFeatures,False,"{""in_features"": ""naturalgaspipeline250m_ECOIntersect"", ""out_features"": ""naturalgaspipeline250m_semiaridplains"", ""where_clause"": ""ECOREGION_GROUP = 'SEMIARID Plains'""}",
2025-11-06 15:37,ExportFeatures,False,"{""in_features"": ""naturalgaspipeline250m_ECOIntersect"", ""out_features"": ""naturalgaspipeline250m_semiaridprairies"", ""where_clause"": ""ECOREGION_GROUP = 'SEMI-ARID Prairies'""}",
2025-11-06 15:47,ExportFeatures,False,"{""in_features"": ""hyrdrocarbons_250m_deserts"", ""out_features"": ""hydrocarbons_250m_deserts.shp""}",
2025-11-06 15:49,ExportFeatures,False,"{""in_features"": ""hyrdrocarbons_250m_Plains"", ""out_features"": ""hydrocarbon_250m_plains.shp""}",
2025-11-06 15:51,ExportFeatures,False,"{""in_features"": ""hyrdrocarbons_250m_semiaridplains"", ""out_features"": ""hydrocarbon_semiaridplains.shp""}",
2025-11-06 15:57,ExportFeatures,False,"{""in_features"": ""hyrdrocarbons_250m_semiaridplains"", ""out_features"": ""hydrocarbon_250m_semiaridplains.shp""}",
2025-11-06 15:58,ExportFeatures,False,"{""in_features"": ""hyrdrocarbons_250m_semiaridprairies"", ""out_features"": ""hydrocarbon_250m_semiaridprairies.shp""}",
2025-11-06 16:00,ExportFeatures,False,"{""in_features"": ""naturalgaspipeline250m_deserts"", ""out_features"": ""naturalgas_250m_deserts.shp""}",
2025-11-06 16:04,ExportFeatures,False,"{""in_features"": ""naturalgaspipeline250m_plains"", ""out_features"": ""naturalgas_250m_plains.shp""}",
2025-11-06 16:04,ExportFeatures,False,"{""in_features"": ""naturalgaspipeline250m_semiaridplains"", ""out_features"": ""naturalgas_250m_semiaridplains.shp""}",
2025-11-06 16:06,ExportFeatures,False,"{""in_features"": ""naturalgaspipeline250m_semiaridprairies"", ""out_features"": ""naturalgas_250m_semiaridprairies.shp""}",
2025-11-06 19:25,Buffer,False,"{""in_features"": ""hydrocarbonsliquids_WGS1984Project"", ""out_feature_class"": ""hydrocarbonsliquids_500mbuffer"", ""buffer_distance_or_field"": ""500 Meters"", ""dissolve_option"": ""ALL"", ""method"": ""PLANAR""}",
2025-11-06 19:40,Intersect,False,"{""in_features"": ""hydrocarbonsliquids_500mbuffer #;ECOREGIONSWGS1984 #"", ""out_feature_class"": ""hydrocarbonsliquid_500m_ecointersect"", ""join_attributes"": ""ALL"", ""output_type"": ""INPUT""}",
2025-11-06 19:41,ExportFeatures,False,"{""in_features"": ""hydrocarbonsliquid_500m_ecointersect"", ""out_features"": ""hydrocarbonsliquid_500m_dessert"", ""where_clause"": ""ECOREGION_GROUP = 'Deserts'""}",
2025-11-06 19:42,ExportFeatures,False,"{""in_features"": ""hydrocarbonsliquid_500m_ecointersect"", ""out_features"": ""hydrocarbonsliquid_500m_plain"", ""where_clause"": ""ECOREGION_GROUP = 'Plains'""}",
2025-11-06 19:42,ExportFeatures,False,"{""in_features"": ""hydrocarbonsliquid_500m_ecointersect"", ""out_features"": ""hydrocarbonsliquid_500m_semiaridplain"", ""where_clause"": ""ECOREGION_GROUP = 'SEMIARID Plains'""}",
2025-11-06 19:42,ExportFeatures,False,"{""in_features"": ""hydrocarbonsliquid_500m_ecointersect"", ""out_features"": ""hydrocarbonsliquid_500m_semiaridprairie"", ""where_clause"": ""ECOREGION_GROUP = 'SEMI-ARID Prairies'""}",
2025-11-06 19:46,ExportFeatures,False,"{""in_features"": ""hydrocarbonsliquid_500m_dessert"", ""out_features"": ""hydrocarbonbuffer500m_dessert.shp""}",
2025-11-06 19:47,ExportFeatures,False,"{""in_features"": ""hydrocarbonsliquid_500m_plain"", ""out_features"": ""hyrdocarbons500m_plain.shp""}",
2025-11-06 19:48,ExportFeatures,False,"{""in_features"": ""hydrocarbonsliquid_500m_semiaridplain"", ""out_features"": ""hyrdocarbon500m_semiaridplains.shp""}",
2025-11-06 19:52,ExportFeatures,False,"{""in_features"": ""hydrocarbonsliquid_500m_semiaridprairie"", ""out_features"": ""hydrocarbon500m_semiaridprairie.shp""}",
2025-11-07 23:50,ExportFeatures,False,"{""in_features"": ""naturalgaspipelines_WGS1984Project"", ""out_features"": ""naturalgaspipelines_WGS1984smalldiameter"", ""where_clause"": ""Dia_class = 'Small (12–18 in)'""}",
2025-11-07 23:51,ExportFeatures,False,"{""in_features"": ""naturalgaspipelines_WGS1984Project"", ""out_features"": ""naturalgaspipelines_WGS1984mediumdiameter"", ""where_clause"": ""Dia_class = 'Medium (18–24 in)'""}",
2025-11-07 23:52,ExportFeatures,False,"{""in_features"": ""naturalgaspipelines_WGS1984Project"", ""out_features"": ""naturalgaspipelines_WGS1984large"", ""where_clause"": ""Dia_class = 'Large (24–36 in)'""}",
2025-11-07 23:52,ExportFeatures,False,"{""in_features"": ""naturalgaspipelines_WGS1984Project"", ""out_features"": ""naturalgaspipelines_WGS1984verylargediameter"", ""where_clause"": ""Dia_class = 'Very Large (36–48 in)'""}",
2025-11-07 23:54,ExportFeatures,False,"{""in_features"": ""hydrocarbonsliquids_WGS1984Project"", ""out_features"": ""hydrocarbonsliquids_WGS1984smalldiameter"", ""where_clause"": ""Dia_class = 'Small (12–18 in)'""}",
2025-11-07 23:54,ExportFeatures,False,"{""in_features"": ""hydrocarbonsliquids_WGS1984Project"", ""out_features"": ""hydrocarbonsliquids_WGS1984mediumdiameter"", ""where_clause"": ""Dia_class = 'Medium (18–24 in)'""}",
2025-11-07 23:59,Buffer,False,"{""in_features"": ""naturalgaspipelines_WGS1984smalldiameter"", ""out_feature_class"": ""naturalgaspipelines_WGS1984smalldiameter100m"", ""buffer_distance_or_field"": ""100 Meters"", ""dissolve_option"": ""ALL"", ""method"": ""PLANAR""}",
2025-11-08 00:16,Intersect,False,"{""in_features"": ""naturalgaspipelines_WGS1984smalldiameter100mbuffer #;ECOREGIONSWGS1984 #"", ""out_feature_class"": ""naturalgaspipeline_smalldiameterecointersect"", ""join_attributes"": ""ALL"", ""output_type"": ""INPUT""}",
2025-11-08 00:18,ExportFeatures,False,"{""in_features"": ""naturalgaspipeline_smalldiameterecointersect"", ""out_features"": ""naturalgaspipeline_smalldiameterdesserts"", ""where_clause"": ""ECOREGION_GROUP = 'Deserts'""}",
2025-11-08 00:19,ExportFeatures,False,"{""in_features"": ""naturalgaspipeline_smalldiameterecointersect"", ""out_features"": ""naturalgaspipeline_smalldiameter_plains"", ""where_clause"": ""ECOREGION_GROUP = 'Plains'""}",
2025-11-08 00:22,ExportFeatures,False,"{""in_features"": ""naturalgaspipeline_smalldiameterecointersect"", ""out_features"": ""naturalgaspipeline_smalldiameter_Semiaridprairies"", ""where_clause"": ""ECOREGION_GROUP = 'SEMI-ARID Prairies'""}",
2025-11-08 00:23,ExportFeatures,False,"{""in_features"": ""naturalgaspipeline_smalldiameterdesserts"", ""out_features"": ""naturalgas100mdesserts.shp""}",
2025-11-08 00:24,ExportFeatures,False,"{""in_features"": ""naturalgaspipeline_smalldiameter_plains"", ""out_features"": ""naturalgas100mplains.shp""}",
2025-11-09 15:50,ExportFeatures,False,"{""in_features"": ""naturalgaspipeline_smalldiameterecointersect"", ""out_features"": ""naturalgassmalldiameter100msemiaridprairies.shp"", ""where_clause"": ""ECOREGION_GROUP = 'SEMI-ARID Prairies'""}",
2025-11-09 15:51,ExportFeatures,False,"{""in_features"": ""naturalgaspipeline_smalldiameterecointersect"", ""out_features"": ""naturalgas100msemiaridplains.shp"", ""where_clause"": ""ECOREGION_GROUP = 'SEMIARID Plains'""}",
2025-11-09 15:53,Buffer,False,"{""in_features"": ""naturalgaspipelines_WGS1984mediumdiameter"", ""out_feature_class"": ""naturalgas_mediumdiameter_100mbuffer"", ""buffer_distance_or_field"": ""100 Meters"", ""dissolve_option"": ""ALL"", ""method"": ""PLANAR""}",
2025-11-09 15:59,Buffer,False,"{""in_features"": ""naturalgaspipelines_WGS1984largediameter"", ""out_feature_class"": ""naturalgas_largediameter_100mbuffer"", ""buffer_distance_or_field"": ""100 Meters"", ""dissolve_option"": ""ALL"", ""method"": ""PLANAR""}",
2025-11-09 16:01,Buffer,False,"{""in_features"": ""naturalgaspipelines_WGS1984verylargediameter"", ""out_feature_class"": ""naturalgas_verylargediameter_100mbuffer"", ""buffer_distance_or_field"": ""100 Meters"", ""dissolve_option"": ""ALL"", ""method"": ""PLANAR""}",
2025-11-09 16:03,Buffer,False,"{""in_features"": ""hydrocarbonsliquids_WGS1984smalldiameter"", ""out_feature_class"": ""hydrocarbon_liquids_smalldiameter_100m_buffer"", ""buffer_distance_or_field"": ""100 Meters"", ""dissolve_option"": ""ALL"", ""method"": ""PLANAR""}",
2025-11-09 16:04,Buffer,False,"{""in_features"": ""hydrocarbonsliquids_WGS1984mediumdiameter"", ""out_feature_class"": ""hydrocarbon_liquids_mediumdiameter_100m_buffer"", ""buffer_distance_or_field"": ""100 Meters"", ""dissolve_option"": ""ALL"", ""method"": ""PLANAR""}",
2025-11-09 16:05,ExportFeatures,False,"{""in_features"": ""hydrocarbonsliquids_WGS1984Project"", ""out_features"": ""hydrocarbonsliquids_WGS1984largediameter"", ""where_clause"": ""Dia_class = 'Large (24–36 in)'""}",
2025-11-09 16:06,ExportFeatures,False,"{""in_features"": ""hydrocarbonsliquids_WGS1984Project"", ""out_features"": ""hydrocarbonsliquids_WGS1984verylargediameter"", ""where_clause"": ""Dia_class = 'Very Large (36–48 in)'""}",
2025-11-09 16:08,Buffer,False,"{""in_features"": ""hydrocarbonsliquids_WGS1984largediameter"", ""out_feature_class"": ""hydrocarbon_liquids_largediameter_100m_buffer"", ""buffer_distance_or_field"": ""100 Meters"", ""dissolve_option"": ""ALL"", ""method"": ""PLANAR""}",
2025-11-09 16:09,Buffer,False,"{""in_features"": ""hydrocarbonsliquids_WGS1984verylargediameter"", ""out_feature_class"": ""hydrocarbon_liquids_verylargediameter_100m_buffer"", ""buffer_distance_or_field"": ""100 Meters"", ""dissolve_option"": ""ALL"", ""method"": ""PLANAR""}",
2025-11-09 16:11,Buffer,False,"{""in_features"": ""naturalgaspipelines_WGS1984smalldiameter"", ""out_feature_class"": ""naturalgaspipelines_smalldiameter_250mBuffer"", ""buffer_distance_or_field"": ""250 Meters"", ""dissolve_option"": ""ALL"", ""method"": ""PLANAR""}",
2025-11-09 16:24,Buffer,False,"{""in_features"": ""naturalgaspipelines_WGS1984mediumdiameter"", ""out_feature_class"": ""naturalgaspipelines_mediumdiameter_250mBuffer"", ""buffer_distance_or_field"": ""250 Meters"", ""dissolve_option"": ""ALL"", ""method"": ""PLANAR""}",
2025-11-09 16:25,Buffer,False,"{""in_features"": ""naturalgaspipelines_WGS1984largediameter"", ""out_feature_class"": ""naturalgaspipelines_largediameter_250mBuffer"", ""buffer_distance_or_field"": ""250 Meters"", ""dissolve_option"": ""ALL"", ""method"": ""PLANAR""}",
2025-11-09 16:29,Buffer,False,"{""in_features"": ""naturalgaspipelines_WGS1984verylargediameter"", ""out_feature_class"": ""naturalgaspipelines_verylargediameter_250mBuffer"", ""buffer_distance_or_field"": ""250 Meters"", ""dissolve_option"": ""ALL"", ""method"": ""PLANAR""}",
2025-11-09 16:30,Buffer,False,"{""in_features"": ""hydrocarbonsliquids_WGS1984smalldiameter"", ""out_feature_class"": ""hydrocarbonsliquids_smalldiameter250mBuffer"", ""buffer_distance_or_field"": ""250 Meters"", ""dissolve_option"": ""ALL"", ""method"": ""PLANAR""}",
2025-11-09 16:31,Buffer,False,"{""in_features"": ""hydrocarbonsliquids_WGS1984mediumdiameter"", ""out_feature_class"": ""hydrocarbonsliquids_mediumdiameter250mBuffer"", ""buffer_distance_or_field"": ""250 Meters"", ""dissolve_option"": ""ALL"", ""method"": ""PLANAR""}",
2025-11-09 16:32,Buffer,False,"{""in_features"": ""hydrocarbonsliquids_WGS1984largediameter"", ""out_feature_class"": ""hydrocarbonsliquids_largediameter250mBuffer"", ""buffer_distance_or_field"": ""250 Meters"", ""dissolve_option"": ""ALL"", ""method"": ""PLANAR""}",
2025-11-09 16:32,Buffer,False,"{""in_features"": ""hydrocarbonsliquids_WGS1984verylargediameter"", ""out_feature_class"": ""hydrocarbonsliquids_verylargediameter250mBuffer"", ""buffer_distance_or_field"": ""250 Meters"", ""dissolve_option"": ""ALL"", ""method"": ""PLANAR""}",
2025-11-09 16:34,Buffer,True,"{""in_features"": ""naturalgaspipelines_WGS1984smalldiameter"", ""out_feature_class"": ""naturalgas_smalldiameter_500mBuffer"", ""buffer_distance_or_field"": ""500 Meters"", ""dissolve_option"": ""ALL"", ""method"": ""PLANAR""}",
2025-11-09 16:44,Buffer,False,"{""in_features"": ""hydrocarbonsliquids_WGS1984Project"", ""out_feature_class"": ""hydrocarbonsliquids_DiameterClasses100m_Buffer"", ""buffer_distance_or_field"": ""100 Meters"", ""dissolve_option"": ""NONE"", ""method"": ""PLANAR""}",
2025-11-09 16:47,Buffer,False,"{""in_features"": ""hydrocarbonsliquids_WGS1984Project"", ""out_feature_class"": ""hydrocarbonsliquids_DiameterClasses_250mBuffer"", ""buffer_distance_or_field"": ""250 Meters"", ""dissolve_option"": ""NONE"", ""method"": ""PLANAR""}",
2025-11-09 16:51,Buffer,False,"{""in_features"": ""hydrocarbonsliquids_WGS1984Project"", ""out_feature_class"": ""hydrocarbonsliquids_DiameterClasses_500mBuffer"", ""buffer_distance_or_field"": ""500 Meters"", ""dissolve_option"": ""NONE"", ""method"": ""PLANAR""}",
2025-11-09 16:54,Buffer,False,"{""in_features"": ""naturalgaspipelines_WGS1984Project"", ""out_feature_class"": ""naturalgaspipelines_DiameterClasses_100mBuffer"", ""buffer_distance_or_field"": ""100 Meters"", ""dissolve_option"": ""NONE"", ""method"": ""PLANAR""}",
2025-11-09 17:12,Intersect,False,"{""in_features"": ""hydrocarbonsliquids_DiameterClasses100m_Buffer #;ECOREGIONSWGS1984 #"", ""out_feature_class"": ""hydrocarbonsliquid_DiameterClass100mBuffer_EcoIntersect"", ""join_attributes"": ""ALL"", ""output_type"": ""INPUT""}",
2025-11-09 17:18,Intersect,False,"{""in_features"": ""hydrocarbonsliquids_DiameterClasses_250mBuffer #;ECOREGIONSWGS1984 #"", ""out_feature_class"": ""hydrocarbonsliquid_DiameterClass250mBuffer_EcoIntersect"", ""join_attributes"": ""ALL"", ""output_type"": ""INPUT""}",
2025-11-09 17:23,Intersect,False,"{""in_features"": ""hydrocarbonsliquids_DiameterClasses_500mBuffer #;ECOREGIONSWGS1984 #"", ""out_feature_class"": ""hydrocarbonsliquid_DiameterClass500mBuffer_EcoIntersect"", ""join_attributes"": ""ALL"", ""output_type"": ""INPUT""}",
2025-11-09 17:39,ExportTable,False,"{""in_table"": ""hydrocarbonsliquid_DiameterClass100mBuffer_EcoIntersect"", ""out_table"": ""hydrocarbon100mbuffer_diameterclass_ecoregion.csv""}",
2025-11-09 17:48,ExportFeatures,False,"{""in_features"": ""hydrocarbonsliquid_DiameterClass100mBuffer_EcoIntersect"", ""out_features"": ""Hydrocarbondiameter_100m_desserts.shp"", ""where_clause"": ""ECOREGION_GROUP = 'Deserts'""}",
2025-11-09 18:00,ExportFeatures,False,"{""in_features"": ""hydrocarbonsliquid_DiameterClass100mBuffer_EcoIntersect"", ""out_features"": ""hydrocarbon_diameter_eco_100m_plains.shp"", ""where_clause"": ""ECOREGION_GROUP = 'Plains'""}",
2025-11-09 18:11,SimplifyPolygon,False,"{""in_features"": ""hydrocarbonsliquid_DiameterClass100mBuffer_EcoIntersect"", ""out_feature_class"": ""hydrocarbonsliquid_DiameterClass100mBuffer_EcoIntersect_SimplifiedPolygon"", ""algorithm"": ""BEND_SIMPLIFY"", ""tolerance"": ""20 Meters"", ""minimum_area"": ""0 Unknown"", ""error_option"": ""NO_CHECK"", ""collapsed_point_option"": ""KEEP_COLLAPSED_POINTS""}",
2025-11-09 18:14,ExportFeatures,False,"{""in_features"": ""hydrocarbonsliquid_DiameterClass100mBuffer_EcoIntersect_SimplifiedPolygon"", ""out_features"": ""hyrdocarbon_liquids_diameter_desserts_100m.shp"", ""where_clause"": ""ECOREGION_GROUP = 'Deserts'""}",
2025-11-09 18:15,ExportFeatures,False,"{""in_features"": ""hydrocarbonsliquid_DiameterClass100mBuffer_EcoIntersect_SimplifiedPolygon"", ""out_features"": ""hydrocarbon_diameter_eco_100m_plains.shp"", ""where_clause"": ""ECOREGION_GROUP = 'Plains'""}",
2025-11-09 18:18,ExportFeatures,False,"{""in_features"": ""hydrocarbonsliquid_DiameterClass100mBuffer_EcoIntersect_SimplifiedPolygon"", ""out_features"": ""hydrocarbon_liquids_diameter_100m_semiaridplains.shp"", ""where_clause"": ""ECOREGION_GROUP = 'SEMIARID Plains'""}",
2025-11-09 18:19,ExportFeatures,False,"{""in_features"": ""hydrocarbonsliquid_DiameterClass100mBuffer_EcoIntersect_SimplifiedPolygon"", ""out_features"": ""hydrocarbon_liquids_diameter_100m_semiaridprairies.shp"", ""where_clause"": ""ECOREGION_GROUP = 'SEMI-ARID Prairies'""}",
2025-11-09 18:27,SimplifyPolygon,False,"{""in_features"": ""hydrocarbonsliquid_DiameterClass250mBuffer_EcoIntersect"", ""out_feature_class"": ""hydrocarbonsliquid_DiameterClass250mBuffer_EcoIntersect_simplifiedpolygon"", ""algorithm"": ""BEND_SIMPLIFY"", ""tolerance"": ""30 Meters"", ""minimum_area"": ""900 SquareMeters"", ""error_option"": ""NO_CHECK"", ""collapsed_point_option"": ""KEEP_COLLAPSED_POINTS""}",
2025-11-09 18:34,SimplifyPolygon,False,"{""in_features"": ""hydrocarbonsliquid_DiameterClass500mBuffer_EcoIntersect"", ""out_feature_class"": ""hydrocarbonsliquid_DiameterClass500mBuffer_EcoIntersect_simplifiedpolygon"", ""algorithm"": ""POINT_REMOVE"", ""tolerance"": ""30 Meters"", ""minimum_area"": ""900 SquareMeters"", ""error_option"": ""NO_CHECK"", ""collapsed_point_option"": ""KEEP_COLLAPSED_POINTS""}",
2025-11-09 20:15,CalculateField,False,"{""in_table"": ""hydrocarbonsliquid_DiameterClass100mBuffer_EcoIntersect_SimplifiedPolygon"", ""out_table"": ""hydrocarbonsliquid_DiameterClass100mBuffer_EcoIntersect_SimplifiedPolygon"", ""expression"": ""!OBJECTID!"", ""field"": ""UniqueLineIDs""}",
2025-11-09 20:19,ExportFeatures,False,"{""in_features"": ""hydrocarbonsliquid_DiameterClass100mBuffer_EcoIntersect_SimplifiedPolygon"", ""out_features"": ""hyrdocarbon_liquids_diameter_desserts_100m.shp"", ""where_clause"": ""ECOREGION_GROUP = 'Deserts'""}",
2025-11-09 20:24,ExportFeatures,True,"{""in_features"": ""hydrocarbonsliquid_DiameterClass100mBuffer_EcoIntersect_SimplifiedPolygon"", ""out_features"": ""hyrdocarbon_liquids_diameter_desserts_100m.shp"", ""where_clause"": ""ECOREGION_GROUP = 'Deserts'""}",
2025-11-09 20:25,ExportFeatures,False,"{""in_features"": ""hydrocarbonsliquid_DiameterClass100mBuffer_EcoIntersect_SimplifiedPolygon"", ""out_features"": ""hyrdocarbon_liquids_diameter_dessertsv2_100m.shp"", ""where_clause"": ""ECOREGION_GROUP = 'Deserts'""}",
2025-11-09 20:28,ExportFeatures,False,"{""in_features"": ""hydrocarbonsliquid_DiameterClass100mBuffer_EcoIntersect_SimplifiedPolygon"", ""out_features"": ""hydrocarbon_liquids_diameter_100m_plains.shp"", ""where_clause"": ""ECOREGION_GROUP = 'Plains'""}",
2025-11-09 20:31,ExportFeatures,False,"{""in_features"": ""hydrocarbonsliquid_DiameterClass100mBuffer_EcoIntersect_SimplifiedPolygon"", ""out_features"": ""hydrocarbon_liquids_diameter_100m_semiaridplains.shp"", ""where_clause"": ""ECOREGION_GROUP = 'SEMIARID Plains'""}",
2025-11-09 20:32,ExportFeatures,False,"{""in_features"": ""hydrocarbonsliquid_DiameterClass100mBuffer_EcoIntersect_SimplifiedPolygon"", ""out_features"": ""hydrocarbon_liquids_diameter_100m_semiaridprairies.shp"", ""where_clause"": ""ECOREGION_GROUP = 'SEMI-ARID Prairies'""}",
2025-11-09 21:23,AddIndex,False,"{""in_table"": ""hydrocarbonsliquid_DiameterClass100mBuffer_EcoIntersect_SimplifiedPolygon"", ""out_table"": ""hydrocarbonsliquid_DiameterClass100mBuffer_EcoIntersect_SimplifiedPolygon""}",
2025-11-09 21:26,AddJoin,False,"{""in_layer_or_view"": ""hydrocarbonsliquid_DiameterClass100mBuffer_EcoIntersect_SimplifiedPolygon"", ""out_layer_or_view"": ""hydrocarbonsliquid_DiameterClass100mBuffer_EcoIntersect_SimplifiedPolygon""}",
2025-11-09 22:02,RemoveJoin,False,"{""in_layer_or_view"": ""hydrocarbonsliquid_DiameterClass100mBuffer_EcoIntersect_SimplifiedPolygon"", ""out_layer_or_view"": ""hydrocarbonsliquid_DiameterClass100mBuffer_EcoIntersect_SimplifiedPolygon""}",
2025-11-09 22:29,AddJoin,False,"{""in_layer_or_view"": ""hydrocarbonsliquid_DiameterClass100mBuffer_EcoIntersect_SimplifiedPolygon"", ""out_layer_or_view"": ""hydrocarbonsliquid_DiameterClass100mBuffer_EcoIntersect_SimplifiedPolygon""}",
2025-11-09 22:46,RemoveJoin,False,"{""in_layer_or_view"": ""hydrocarbonsliquid_DiameterClass100mBuffer_EcoIntersect_SimplifiedPolygon"", ""out_layer_or_view"": ""hydrocarbonsliquid_DiameterClass100mBuffer_EcoIntersect_SimplifiedPolygon""}",
2025-11-09 22:48,CalculateField,True,"{""in_table"": ""hydrocarbonsliquid_DiameterClass100mBuffer_EcoIntersect_SimplifiedPolygon"", ""out_table"": ""hydrocarbonsliquid_DiameterClass100mBuffer_EcoIntersect_SimplifiedPolygon"", ""expression"": ""!UniqueLineIDs! + \""_\"" + !ECOREGION_GROUP!"", ""field"": ""PipelineEcoID""}",
2025-11-09 22:49,CalculateField,False,"{""in_table"": ""hydrocarbonsliquid_DiameterClass100mBuffer_EcoIntersect_SimplifiedPolygon"", ""out_table"": ""hydrocarbonsliquid_DiameterClass100mBuffer_EcoIntersect_SimplifiedPolygon"", ""expression"": ""str(!UniqueLineIDs!) + \""_\"" + !ECOREGION_GROUP!"", ""field"": ""PipelineEcoID""}",
2025-11-09 22:57,ExportFeatures,False,"{""in_features"": ""hydrocarbonsliquid_DiameterClass100mBuffer_EcoIntersect_SimplifiedPolygon"", ""out_features"": ""hydrocarbon_100m_deserts_diameter.shp"", ""where_clause"": ""ECOREGION_GROUP = 'Deserts'""}",
2025-11-09 22:59,ExportFeatures,False,"{""in_features"": ""hydrocarbonsliquid_DiameterClass100mBuffer_EcoIntersect_SimplifiedPolygon"", ""out_features"": ""hydrocarbon_100m_plains_eco.shp"", ""where_clause"": ""ECOREGION_GROUP = 'Plains'""}",
2025-11-09 23:02,ExportFeatures,False,"{""in_features"": ""hydrocarbonsliquid_DiameterClass100mBuffer_EcoIntersect_SimplifiedPolygon"", ""out_features"": ""hydrocarbon_100m_semiaridplains_eco.shp"", ""where_clause"": ""ECOREGION_GROUP = 'SEMIARID Plains'""}",
2025-11-09 23:02,ExportFeatures,False,"{""in_features"": ""hydrocarbonsliquid_DiameterClass100mBuffer_EcoIntersect_SimplifiedPolygon"", ""out_features"": ""hydrocarbon_100m_semiaridprairies_eco.shp"", ""where_clause"": ""ECOREGION_GROUP = 'SEMI-ARID Prairies'""}",
2025-11-09 23:06,CalculateField,False,"{""in_table"": ""hydrocarbonsliquid_DiameterClass250mBuffer_EcoIntersect_simplifiedpolygon"", ""out_table"": ""hydrocarbonsliquid_DiameterClass250mBuffer_EcoIntersect_simplifiedpolygon"", ""expression"": ""!OBJECTID!"", ""field"": ""UniqueLineIDs""}",
2025-11-09 23:10,CalculateField,False,"{""in_table"": ""hydrocarbonsliquid_DiameterClass250mBuffer_EcoIntersect_simplifiedpolygon"", ""out_table"": ""hydrocarbonsliquid_DiameterClass250mBuffer_EcoIntersect_simplifiedpolygon"", ""expression"": ""str(!UniqueLineIDs!) + \""_\"" + !ECOREGION_GROUP!"", ""field"": ""PipelineEcoID""}",
2025-11-09 23:12,ExportFeatures,False,"{""in_features"": ""hydrocarbonsliquid_DiameterClass250mBuffer_EcoIntersect_simplifiedpolygon"", ""out_features"": ""hydrocarbon250m_deserts_eco.shp"", ""where_clause"": ""ECOREGION_GROUP = 'Deserts'""}",
2025-11-09 23:12,ExportFeatures,False,"{""in_features"": ""hydrocarbonsliquid_DiameterClass250mBuffer_EcoIntersect_simplifiedpolygon"", ""out_features"": ""hydrocarbon250m_plains_eco.shp"", ""where_clause"": ""ECOREGION_GROUP = 'Plains'""}",
2025-11-09 23:13,ExportFeatures,False,"{""in_features"": ""hydrocarbonsliquid_DiameterClass250mBuffer_EcoIntersect_simplifiedpolygon"", ""out_features"": ""hydrocarbon250m_semiaridplains_eco.shp"", ""where_clause"": ""ECOREGION_GROUP = 'SEMIARID Plains'""}",
2025-11-09 23:14,ExportFeatures,False,"{""in_features"": ""hydrocarbonsliquid_DiameterClass250mBuffer_EcoIntersect_simplifiedpolygon"", ""out_features"": ""hydrocarbon250m_semiaridprairies_eco.shp"", ""where_clause"": ""ECOREGION_GROUP = 'SEMI-ARID Prairies'""}",
2025-11-10 00:21,AddIndex,False,"{""in_table"": ""hydrocarbonsliquid_DiameterClass100mBuffer_EcoIntersect_SimplifiedPolygon"", ""out_table"": ""hydrocarbonsliquid_DiameterClass100mBuffer_EcoIntersect_SimplifiedPolygon""}",
2025-11-10 00:22,AddJoin,False,"{""in_layer_or_view"": ""hydrocarbonsliquid_DiameterClass100mBuffer_EcoIntersect_SimplifiedPolygon"", ""out_layer_or_view"": ""hydrocarbonsliquid_DiameterClass100mBuffer_EcoIntersect_SimplifiedPolygon""}",
2025-11-10 00:39,RemoveJoin,False,"{""in_layer_or_view"": ""hydrocarbonsliquid_DiameterClass100mBuffer_EcoIntersect_SimplifiedPolygon"", ""out_layer_or_view"": ""hydrocarbonsliquid_DiameterClass100mBuffer_EcoIntersect_SimplifiedPolygon""}",
2025-11-10 00:41,CalculateField,True,"{""in_table"": ""hydrocarbonsliquid_DiameterClass100mBuffer_EcoIntersect_SimplifiedPolygon"", ""out_table"": ""hydrocarbonsliquid_DiameterClass100mBuffer_EcoIntersect_SimplifiedPolygon"", ""expression"": ""!Pipeline_Eco_ID!.replace(\""_\"", \""\"")"", ""field"": ""PipelineEcoID""}",
2025-11-10 00:45,AddJoin,False,"{""in_layer_or_view"": ""hydrocarbonsliquid_DiameterClass100mBuffer_EcoIntersect_SimplifiedPolygon"", ""out_layer_or_view"": ""hydrocarbonsliquid_DiameterClass100mBuffer_EcoIntersect_SimplifiedPolygon""}",
2025-11-10 01:09,AddIndex,False,"{""in_table"": ""hydrocarbonsliquid_DiameterClass250mBuffer_EcoIntersect_simplifiedpolygon"", ""out_table"": ""hydrocarbonsliquid_DiameterClass250mBuffer_EcoIntersect_simplifiedpolygon""}",
2025-11-10 01:10,AddJoin,False,"{""in_layer_or_view"": ""hydrocarbonsliquid_DiameterClass250mBuffer_EcoIntersect_simplifiedpolygon"", ""out_layer_or_view"": ""hydrocarbonsliquid_DiameterClass250mBuffer_EcoIntersect_simplifiedpolygon""}",
2025-11-10 02:14,FeatureClassToFeatureClass,False,"{""in_features"": ""hydrocarbonsliquid_DiameterClass100mBuffer_EcoIntersect_SimplifiedPolygon"", ""out_path"": ""391 Research Phase 1.gdb"", ""where_clause"": ""\""OBJECTID\"" >= 1 AND \""OBJECTID\"" <= 200000""}",
2025-11-10 02:14,FeatureClassToFeatureClass,False,"{""in_features"": ""hydrocarbonsliquid_DiameterClass100mBuffer_EcoIntersect_SimplifiedPolygon"", ""out_path"": ""391 Research Phase 1.gdb"", ""where_clause"": ""\""OBJECTID\"" >= 200001 AND \""OBJECTID\"" <= 400000""}",
2025-11-10 02:14,FeatureClassToFeatureClass,False,"{""in_features"": ""hydrocarbonsliquid_DiameterClass100mBuffer_EcoIntersect_SimplifiedPolygon"", ""out_path"": ""391 Research Phase 1.gdb"", ""where_clause"": ""\""OBJECTID\"" >= 400001 AND \""OBJECTID\"" <= 600000""}",
2025-11-10 02:14,FeatureClassToFeatureClass,False,"{""in_features"": ""hydrocarbonsliquid_DiameterClass100mBuffer_EcoIntersect_SimplifiedPolygon"", ""out_path"": ""391 Research Phase 1.gdb"", ""where_clause"": ""\""OBJECTID\"" >= 600001 AND \""OBJECTID\"" <= 800000""}",
2025-11-10 02:15,FeatureClassToFeatureClass,False,"{""in_features"": ""hydrocarbonsliquid_DiameterClass100mBuffer_EcoIntersect_SimplifiedPolygon"", ""out_path"": ""391 Research Phase 1.gdb"", ""where_clause"": ""\""OBJECTID\"" >= 800001 AND \""OBJECTID\"" <= 1000000""}",
2025-11-10 02:15,FeatureClassToFeatureClass,False,"{""in_features"": ""hydrocarbonsliquid_DiameterClass100mBuffer_EcoIntersect_SimplifiedPolygon"", ""out_path"": ""391 Research Phase 1.gdb"", ""where_clause"": ""\""OBJECTID\"" >= 1000001 AND \""OBJECTID\"" <= 1200000""}",
2025-11-10 02:15,FeatureClassToFeatureClass,False,"{""in_features"": ""hydrocarbonsliquid_DiameterClass100mBuffer_EcoIntersect_SimplifiedPolygon"", ""out_path"": ""391 Research Phase 1.gdb"", ""where_clause"": ""\""OBJECTID\"" >= 1200001 AND \""OBJECTID\"" <= 1400000""}",
2025-11-10 02:15,FeatureClassToFeatureClass,False,"{""in_features"": ""hydrocarbonsliquid_DiameterClass100mBuffer_EcoIntersect_SimplifiedPolygon"", ""out_path"": ""391 Research Phase 1.gdb"", ""where_clause"": ""\""OBJECTID\"" >= 1400001 AND \""OBJECTID\"" <= 1600000""}",
2025-11-10 02:15,FeatureClassToFeatureClass,False,"{""in_features"": ""hydrocarbonsliquid_DiameterClass100mBuffer_EcoIntersect_SimplifiedPolygon"", ""out_path"": ""391 Research Phase 1.gdb"", ""where_clause"": ""\""OBJECTID\"" >= 1600001 AND \""OBJECTID\"" <= 1800000""}",
2025-11-10 02:15,FeatureClassToFeatureClass,False,"{""in_features"": ""hydrocarbonsliquid_DiameterClass100mBuffer_EcoIntersect_SimplifiedPolygon"", ""out_path"": ""391 Research Phase 1.gdb"", ""where_clause"": ""\""OBJECTID\"" >= 1800001 AND \""OBJECTID\"" <= 2000000""}",
2025-11-10 02:15,Merge,False,"{""inputs"": ""ExportChunk_1_200000;ExportChunk_200001_400000;ExportChunk_400001_600000;ExportChunk_600001_800000;ExportChunk_800001_1000000;ExportChunk_1000001_1200000;ExportChunk_1200001_1400000;ExportChunk_1400001_1600000;ExportChunk_1600001_1800000;ExportChunk_1800001_2000000"", ""output"": ""MergedLayer""}",
2025-11-10 02:16,AddSpatialIndex,False,"{""in_features"": ""MergedLayer"", ""out_feature_class"": ""MergedLayer""}",
2025-11-10 03:05,TableToTable,False,"{""in_rows"": ""combined_all_regions_underscored_masterset.csv"", ""out_path"": ""391 Research Phase 1.gdb""}",
2025-11-10 03:05,JoinField,False,"{""in_data"": ""hydrocarbonsliquid_DiameterClass100mBuffer_EcoIntersect_SimplifiedPolygon"", ""out_layer_or_view"": ""hydrocarbonsliquid_DiameterClass100mBuffer_EcoIntersect_SimplifiedPolygon""}",
2025-11-10 03:06,FeatureClassToFeatureClass,False,"{""in_features"": ""hydrocarbonsliquid_DiameterClass100mBuffer_EcoIntersect_SimplifiedPolygon"", ""out_path"": ""391 Research Phase 1.gdb"", ""where_clause"": ""\""OBJECTID\"" >= 1 AND \""OBJECTID\"" <= 200000""}",
2025-11-10 03:06,FeatureClassToFeatureClass,False,"{""in_features"": ""hydrocarbonsliquid_DiameterClass100mBuffer_EcoIntersect_SimplifiedPolygon"", ""out_path"": ""391 Research Phase 1.gdb"", ""where_clause"": ""\""OBJECTID\"" >= 200001 AND \""OBJECTID\"" <= 400000""}",
2025-11-10 03:06,FeatureClassToFeatureClass,False,"{""in_features"": ""hydrocarbonsliquid_DiameterClass100mBuffer_EcoIntersect_SimplifiedPolygon"", ""out_path"": ""391 Research Phase 1.gdb"", ""where_clause"": ""\""OBJECTID\"" >= 400001 AND \""OBJECTID\"" <= 600000""}",
2025-11-10 03:07,FeatureClassToFeatureClass,False,"{""in_features"": ""hydrocarbonsliquid_DiameterClass100mBuffer_EcoIntersect_SimplifiedPolygon"", ""out_path"": ""391 Research Phase 1.gdb"", ""where_clause"": ""\""OBJECTID\"" >= 600001 AND \""OBJECTID\"" <= 800000""}",
2025-11-10 03:07,FeatureClassToFeatureClass,False,"{""in_features"": ""hydrocarbonsliquid_DiameterClass100mBuffer_EcoIntersect_SimplifiedPolygon"", ""out_path"": ""391 Research Phase 1.gdb"", ""where_clause"": ""\""OBJECTID\"" >= 800001 AND \""OBJECTID\"" <= 1000000""}",
2025-11-10 03:07,FeatureClassToFeatureClass,False,"{""in_features"": ""hydrocarbonsliquid_DiameterClass100mBuffer_EcoIntersect_SimplifiedPolygon"", ""out_path"": ""391 Research Phase 1.gdb"", ""where_clause"": ""\""OBJECTID\"" >= 1000001 AND \""OBJECTID\"" <= 1200000""}",
2025-11-10 03:07,FeatureClassToFeatureClass,False,"{""in_features"": ""hydrocarbonsliquid_DiameterClass100mBuffer_EcoIntersect_SimplifiedPolygon"", ""out_path"": ""391 Research Phase 1.gdb"", ""where_clause"": ""\""OBJECTID\"" >= 1200001 AND \""OBJECTID\"" <= 1400000""}",
2025-11-10 03:07,FeatureClassToFeatureClass,False,"{""in_features"": ""hydrocarbonsliquid_DiameterClass100mBuffer_EcoIntersect_SimplifiedPolygon"", ""out_path"": ""391 Research Phase 1.gdb"", ""where_clause"": ""\""OBJECTID\"" >= 1400001 AND \""OBJECTID\"" <= 1600000""}",
2025-11-10 03:08,FeatureClassToFeatureClass,False,"{""in_features"": ""hydrocarbonsliquid_DiameterClass100mBuffer_EcoIntersect_SimplifiedPolygon"", ""out_path"": ""391 Research Phase 1.gdb"", ""where_clause"": ""\""OBJECTID\"" >= 1600001 AND \""OBJECTID\"" <= 1800000""}",
2025-11-10 03:08,FeatureClassToFeatureClass,False,"{""in_features"": ""hydrocarbonsliquid_DiameterClass100mBuffer_EcoIntersect_SimplifiedPolygon"", ""out_path"": ""391 Research Phase 1.gdb"", ""where_clause"": ""\""OBJECTID\"" >= 1800001 AND \""OBJECTID\"" <= 2000000""}",
2025-11-10 03:08,Merge,False,"{""inputs"": ""ExportChunk_1_200000;ExportChunk_200001_400000;ExportChunk_400001_600000;ExportChunk_600001_800000;ExportChunk_800001_1000000;ExportChunk_1000001_1200000;ExportChunk_1200001_1400000;ExportChunk_1400001_1600000;ExportChunk_1600001_1800000;ExportChunk_1800001_2000000"", ""output"": ""MergedLayer""}",
2025-11-10 03:09,AddSpatialIndex,False,"{""in_features"": ""MergedLayer"", ""out_feature_class"": ""MergedLayer""}",
2025-11-10 03:39,TableToTable,False,"{""in_rows"": ""hydrocarbon_liquids_250m_masterdataset.csv"", ""out_path"": ""391 Research Phase 1.gdb""}",
2025-11-10 03:40,JoinField,False,"{""in_data"": ""hydrocarbonsliquid_DiameterClass250mBuffer_EcoIntersect_simplifiedpolygon"", ""out_layer_or_view"": ""hydrocarbonsliquid_DiameterClass250mBuffer_EcoIntersect_simplifiedpolygon""}",
2025-11-10 03:40,FeatureClassToFeatureClass,False,"{""in_features"": ""hydrocarbonsliquid_DiameterClass250mBuffer_EcoIntersect_simplifiedpolygon"", ""out_path"": ""391 Research Phase 1.gdb"", ""where_clause"": ""\""OBJECTID\"" >= 1 AND \""OBJECTID\"" <= 200000""}",
2025-11-10 03:40,FeatureClassToFeatureClass,False,"{""in_features"": ""hydrocarbonsliquid_DiameterClass250mBuffer_EcoIntersect_simplifiedpolygon"", ""out_path"": ""391 Research Phase 1.gdb"", ""where_clause"": ""\""OBJECTID\"" >= 200001 AND \""OBJECTID\"" <= 400000""}",
2025-11-10 03:41,FeatureClassToFeatureClass,False,"{""in_features"": ""hydrocarbonsliquid_DiameterClass250mBuffer_EcoIntersect_simplifiedpolygon"", ""out_path"": ""391 Research Phase 1.gdb"", ""where_clause"": ""\""OBJECTID\"" >= 400001 AND \""OBJECTID\"" <= 600000""}",
2025-11-10 03:41,Merge,False,"{""inputs"": ""ExportChunk_hydrocarbons_250m_1_200000;ExportChunk_hydrocarbons_250m_200001_400000;ExportChunk_hydrocarbons_250m_400001_600000"", ""output"": ""MergedLayer_hydrocarbons_250m""}",
2025-11-10 03:41,AddSpatialIndex,False,"{""in_features"": ""MergedLayer_hydrocarbons_250m"", ""out_feature_class"": ""MergedLayer_hydrocarbons_250m""}",
2025-11-10 04:20,CalculateField,False,"{""in_table"": ""hydrocarbonsliquid_DiameterClass500mBuffer_EcoIntersect_simplifiedpolygon"", ""out_table"": ""hydrocarbonsliquid_DiameterClass500mBuffer_EcoIntersect_simplifiedpolygon"", ""expression"": ""str(!OBJECTID!) + \""_\"" + str(!ECOREGION_GROUP!)"", ""field"": ""PipelineEcoID""}",
2025-11-10 04:23,ExportFeatures,False,"{""in_features"": ""hydrocarbonsliquid_DiameterClass500mBuffer_EcoIntersect_simplifiedpolygon"", ""out_features"": ""hydrocarbon_desserts_500m_eco_diameter.shp"", ""where_clause"": ""ECOREGION_GROUP = 'Deserts'""}",
2025-11-10 04:24,ExportFeatures,False,"{""in_features"": ""hydrocarbonsliquid_DiameterClass500mBuffer_EcoIntersect_simplifiedpolygon"", ""out_features"": ""hydrocarbon_plains_500m_eco_diameter.shp"", ""where_clause"": ""ECOREGION_GROUP = 'Plains'""}",
2025-11-10 04:26,ExportFeatures,False,"{""in_features"": ""hydrocarbonsliquid_DiameterClass500mBuffer_EcoIntersect_simplifiedpolygon"", ""out_features"": ""hydrocarbons_semiaridplains_500m_eco_diameter.shp"", ""where_clause"": ""ECOREGION_GROUP = 'SEMIARID Plains'""}",
2025-11-10 04:27,ExportFeatures,False,"{""in_features"": ""hydrocarbonsliquid_DiameterClass500mBuffer_EcoIntersect_simplifiedpolygon"", ""out_features"": ""hydrocarbon_semiaridprairies_500m_eco_diameter.shp"", ""where_clause"": ""ECOREGION_GROUP = 'SEMI-ARID Prairies'""}",
2025-11-10 17:22,AddIndex,False,"{""in_table"": ""hydrocarbonsliquid_DiameterClass500mBuffer_EcoIntersect_simplifiedpolygon"", ""out_table"": ""hydrocarbonsliquid_DiameterClass500mBuffer_EcoIntersect_simplifiedpolygon""}",
2025-11-10 17:22,TableToTable,False,"{""in_rows"": ""combined_hydrocarbons_500m_masterdatset.csv"", ""out_path"": ""391 Research Phase 1.gdb""}",
2025-11-10 17:22,JoinField,False,"{""in_data"": ""hydrocarbonsliquid_DiameterClass500mBuffer_EcoIntersect_simplifiedpolygon"", ""out_layer_or_view"": ""hydrocarbonsliquid_DiameterClass500mBuffer_EcoIntersect_simplifiedpolygon""}",
2025-11-10 17:23,FeatureClassToFeatureClass,False,"{""in_features"": ""hydrocarbonsliquid_DiameterClass500mBuffer_EcoIntersect_simplifiedpolygon"", ""out_path"": ""391 Research Phase 1.gdb"", ""where_clause"": ""\""OBJECTID\"" >= 1 AND \""OBJECTID\"" <= 200000""}",
2025-11-10 17:23,FeatureClassToFeatureClass,False,"{""in_features"": ""hydrocarbonsliquid_DiameterClass500mBuffer_EcoIntersect_simplifiedpolygon"", ""out_path"": ""391 Research Phase 1.gdb"", ""where_clause"": ""\""OBJECTID\"" >= 200001 AND \""OBJECTID\"" <= 400000""}",
2025-11-10 17:23,FeatureClassToFeatureClass,False,"{""in_features"": ""hydrocarbonsliquid_DiameterClass500mBuffer_EcoIntersect_simplifiedpolygon"", ""out_path"": ""391 Research Phase 1.gdb"", ""where_clause"": ""\""OBJECTID\"" >= 400001 AND \""OBJECTID\"" <= 600000""}",
2025-11-10 17:24,FeatureClassToFeatureClass,False,"{""in_features"": ""hydrocarbonsliquid_DiameterClass500mBuffer_EcoIntersect_simplifiedpolygon"", ""out_path"": ""391 Research Phase 1.gdb"", ""where_clause"": ""\""OBJECTID\"" >= 600001 AND \""OBJECTID\"" <= 800000""}",
2025-11-10 17:24,FeatureClassToFeatureClass,False,"{""in_features"": ""hydrocarbonsliquid_DiameterClass500mBuffer_EcoIntersect_simplifiedpolygon"", ""out_path"": ""391 Research Phase 1.gdb"", ""where_clause"": ""\""OBJECTID\"" >= 800001 AND \""OBJECTID\"" <= 1000000""}",
2025-11-10 17:24,Merge,False,"{""inputs"": ""ExportChunk_hydrocarbons_500m_1_200000;ExportChunk_hydrocarbons_500m_200001_400000;ExportChunk_hydrocarbons_500m_400001_600000;ExportChunk_hydrocarbons_500m_600001_800000;ExportChunk_hydrocarbons_500m_800001_1000000"", ""output"": ""MergedLayer_hydrocarbons_500m""}",
2025-11-10 17:24,AddSpatialIndex,False,"{""in_features"": ""MergedLayer_hydrocarbons_500m"", ""out_feature_class"": ""MergedLayer_hydrocarbons_500m""}",
