region,a,b,ids_a,ids_b,ids_in_both
Deserts,100m,250m,196823,63486,3532
Plains,100m,250m,980585,341736,197059
SEMI-ARID Prairies,100m,250m,290867,142057,46508
SEMIARID Plains,100m,250m,46257,12132,227
Deserts,100m,500m,196823,111905,12990
Plains,100m,500m,980585,615685,387183
SEMI-ARID Prairies,100m,500m,290867,206937,63164
SEMIARID Plains,100m,500m,46257,15523,502
Deserts,250m,500m,63486,111905,9665
Plains,250m,500m,341736,615685,189027
SEMI-ARID Prairies,250m,500m,142057,206937,48481
SEMIARID Plains,250m,500m,12132,15523,417
