distance,shapefile,shapes_in_shx,records_in_dbf_header,dbf_bytes,dbf_record_bytes,records_that_fit_in_file,dbf_fields,result_table,result_rows,rows_minus_shapes
100m,Deserts/hydrocarbon_100m_deserts_diameter.shp,196823,196823,431044068,2190,196823,FID_hydroc TPMS_ID OPER_LINK OPS_ID P5_NUM OPER_NM SYS_NM SUBSYS_NM T4PERMIT DIAMETER COMMODITY1 COMMODITY2 COMMODITY3 CMDTY_DESC INTERSTATE STATUS_CD QUALITY_CD SYSTYPE COUNTY COM_CARRIE PLINE_ID SYS_ID NPMS_SYS_I ALBERS_MIL LENGTH Dia_class Gas_group Symb_Class BUFF_DIST ORIG_FID FID_ECOREG US_L3CODE US_L3NAME NA_L3CODE NA_L3NAME NA_L2CODE NA_L2NAME NA_L1CODE NA_L1NAME STATE_NAME EPA_REGION L3_KEY L2_KEY L1_KEY ECOREGION_ Shape_Leng Shape_Area InPoly_FID MaxSimpTol MinSimpTol UniqueLine PipelineEc,hydrocarbons_Deserts_100m.csv,196823,0
100m,Plains/hydrocarbon_100m_plains_eco.shp,980585,980585,2147482848,2190,980585,FID_hydroc TPMS_ID OPER_LINK OPS_ID P5_NUM OPER_NM SYS_NM SUBSYS_NM T4PERMIT DIAMETER COMMODITY1 COMMODITY2 COMMODITY3 CMDTY_DESC INTERSTATE STATUS_CD QUALITY_CD SYSTYPE COUNTY COM_CARRIE PLINE_ID SYS_ID NPMS_SYS_I ALBERS_MIL LENGTH Dia_class Gas_group Symb_Class BUFF_DIST ORIG_FID FID_ECOREG US_L3CODE US_L3NAME NA_L3CODE NA_L3NAME NA_L2CODE NA_L2NAME NA_L1CODE NA_L1NAME STATE_NAME EPA_REGION L3_KEY L2_KEY L1_KEY ECOREGION_ Shape_Leng Shape_Area InPoly_FID MaxSimpTol MinSimpTol UniqueLine PipelineEc,hydrocarbons_Plains_100m.csv,980585,0
100m,SemiAridPlains/hydrocarbon_100m_semiaridplains_eco.shp,46257,46257,101304528,2190,46257,FID_hydroc TPMS_ID OPER_LINK OPS_ID P5_NUM OPER_NM SYS_NM SUBSYS_NM T4PERMIT DIAMETER COMMODITY1 COMMODITY2 COMMODITY3 CMDTY_DESC INTERSTATE STATUS_CD QUALITY_CD SYSTYPE COUNTY COM_CARRIE PLINE_ID SYS_ID NPMS_SYS_I ALBERS_MIL LENGTH Dia_class Gas_group Symb_Class BUFF_DIST ORIG_FID FID_ECOREG US_L3CODE US_L3NAME NA_L3CODE NA_L3NAME NA_L2CODE NA_L2NAME NA_L1CODE NA_L1NAME STATE_NAME EPA_REGION L3_KEY L2_KEY L1_KEY ECOREGION_ Shape_Leng Shape_Area InPoly_FID MaxSimpTol MinSimpTol UniqueLine PipelineEc,hydrocarbons_SemiAridPlains_100m.csv,46257,0
100m,SemiAridPrairies/hydrocarbon_100m_semiaridprairies_eco.shp,290867,290867,637000428,2190,290867,FID_hydroc TPMS_ID OPER_LINK OPS_ID P5_NUM OPER_NM SYS_NM SUBSYS_NM T4PERMIT DIAMETER COMMODITY1 COMMODITY2 COMMODITY3 CMDTY_DESC INTERSTATE STATUS_CD QUALITY_CD SYSTYPE COUNTY COM_CARRIE PLINE_ID SYS_ID NPMS_SYS_I ALBERS_MIL LENGTH Dia_class Gas_group Symb_Class BUFF_DIST ORIG_FID FID_ECOREG US_L3CODE US_L3NAME NA_L3CODE NA_L3NAME NA_L2CODE NA_L2NAME NA_L1CODE NA_L1NAME STATE_NAME EPA_REGION L3_KEY L2_KEY L1_KEY ECOREGION_ Shape_Leng Shape_Area InPoly_FID MaxSimpTol MinSimpTol UniqueLine PipelineEc,hydrocarbons_SemiAridPrairies_100m.csv,290867,0
250m,Desserts/hydrocarbon250m_deserts_eco.shp,63486,63486,139036038,2190,63486,FID_hydroc TPMS_ID OPER_LINK OPS_ID P5_NUM OPER_NM SYS_NM SUBSYS_NM T4PERMIT DIAMETER COMMODITY1 COMMODITY2 COMMODITY3 CMDTY_DESC INTERSTATE STATUS_CD QUALITY_CD SYSTYPE COUNTY COM_CARRIE PLINE_ID SYS_ID NPMS_SYS_I ALBERS_MIL LENGTH Dia_class Gas_group Symb_Class BUFF_DIST ORIG_FID FID_ECOREG US_L3CODE US_L3NAME NA_L3CODE NA_L3NAME NA_L2CODE NA_L2NAME NA_L1CODE NA_L1NAME STATE_NAME EPA_REGION L3_KEY L2_KEY L1_KEY ECOREGION_ Shape_Leng Shape_Area InPoly_FID MaxSimpTol MinSimpTol UniqueLine PipelineEc,hydrocarbons_Deserts_250m.csv,63486,0
250m,Plains/hydrocarbon250m_plains_eco.shp,341736,341736,748403538,2190,341736,FID_hydroc TPMS_ID OPER_LINK OPS_ID P5_NUM OPER_NM SYS_NM SUBSYS_NM T4PERMIT DIAMETER COMMODITY1 COMMODITY2 COMMODITY3 CMDTY_DESC INTERSTATE STATUS_CD QUALITY_CD SYSTYPE COUNTY COM_CARRIE PLINE_ID SYS_ID NPMS_SYS_I ALBERS_MIL LENGTH Dia_class Gas_group Symb_Class BUFF_DIST ORIG_FID FID_ECOREG US_L3CODE US_L3NAME NA_L3CODE NA_L3NAME NA_L2CODE NA_L2NAME NA_L1CODE NA_L1NAME STATE_NAME EPA_REGION L3_KEY L2_KEY L1_KEY ECOREGION_ Shape_Leng Shape_Area InPoly_FID MaxSimpTol MinSimpTol UniqueLine PipelineEc,hydrocarbons_Plains_250m.csv,341736,0
250m,Semiaridplains/hydrocarbon250m_semiaridplains_eco.shp,12132,12132,26570778,2190,12132,FID_hydroc TPMS_ID OPER_LINK OPS_ID P5_NUM OPER_NM SYS_NM SUBSYS_NM T4PERMIT DIAMETER COMMODITY1 COMMODITY2 COMMODITY3 CMDTY_DESC INTERSTATE STATUS_CD QUALITY_CD SYSTYPE COUNTY COM_CARRIE PLINE_ID SYS_ID NPMS_SYS_I ALBERS_MIL LENGTH Dia_class Gas_group Symb_Class BUFF_DIST ORIG_FID FID_ECOREG US_L3CODE US_L3NAME NA_L3CODE NA_L3NAME NA_L2CODE NA_L2NAME NA_L1CODE NA_L1NAME STATE_NAME EPA_REGION L3_KEY L2_KEY L1_KEY ECOREGION_ Shape_Leng Shape_Area InPoly_FID MaxSimpTol MinSimpTol UniqueLine PipelineEc,hydrocarbons_SemiAridPlains_250m.csv,12132,0
250m,Semiaridprairies/hydrocarbon250m_semiaridprairies_eco.shp,142057,142057,311106528,2190,142057,FID_hydroc TPMS_ID OPER_LINK OPS_ID P5_NUM OPER_NM SYS_NM SUBSYS_NM T4PERMIT DIAMETER COMMODITY1 COMMODITY2 COMMODITY3 CMDTY_DESC INTERSTATE STATUS_CD QUALITY_CD SYSTYPE COUNTY COM_CARRIE PLINE_ID SYS_ID NPMS_SYS_I ALBERS_MIL LENGTH Dia_class Gas_group Symb_Class BUFF_DIST ORIG_FID FID_ECOREG US_L3CODE US_L3NAME NA_L3CODE NA_L3NAME NA_L2CODE NA_L2NAME NA_L1CODE NA_L1NAME STATE_NAME EPA_REGION L3_KEY L2_KEY L1_KEY ECOREGION_ Shape_Leng Shape_Area InPoly_FID MaxSimpTol MinSimpTol UniqueLine PipelineEc,hydrocarbons_SemiAridPrairiesEco_250m.csv,142057,0
500m,Desserts/hydrocarbon_desserts_500m_eco_diameter.shp,111905,111905,243954566,2180,111905,FID_hydroc TPMS_ID OPER_LINK OPS_ID P5_NUM OPER_NM SYS_NM SUBSYS_NM T4PERMIT DIAMETER COMMODITY1 COMMODITY2 COMMODITY3 CMDTY_DESC INTERSTATE STATUS_CD QUALITY_CD SYSTYPE COUNTY COM_CARRIE PLINE_ID SYS_ID NPMS_SYS_I ALBERS_MIL LENGTH Dia_class Gas_group Symb_Class BUFF_DIST ORIG_FID FID_ECOREG US_L3CODE US_L3NAME NA_L3CODE NA_L3NAME NA_L2CODE NA_L2NAME NA_L1CODE NA_L1NAME STATE_NAME EPA_REGION L3_KEY L2_KEY L1_KEY ECOREGION_ Shape_Leng Shape_Area InPoly_FID MaxSimpTol MinSimpTol PipelineEc,hydrocarbons_Deserts_500m_diameter_eco.csv,111905,0
500m,Plains/hydrocarbon_plains_500m_eco_diameter.shp,615685,615685,1342194966,2180,615685,FID_hydroc TPMS_ID OPER_LINK OPS_ID P5_NUM OPER_NM SYS_NM SUBSYS_NM T4PERMIT DIAMETER COMMODITY1 COMMODITY2 COMMODITY3 CMDTY_DESC INTERSTATE STATUS_CD QUALITY_CD SYSTYPE COUNTY COM_CARRIE PLINE_ID SYS_ID NPMS_SYS_I ALBERS_MIL LENGTH Dia_class Gas_group Symb_Class BUFF_DIST ORIG_FID FID_ECOREG US_L3CODE US_L3NAME NA_L3CODE NA_L3NAME NA_L2CODE NA_L2NAME NA_L1CODE NA_L1NAME STATE_NAME EPA_REGION L3_KEY L2_KEY L1_KEY ECOREGION_ Shape_Leng Shape_Area InPoly_FID MaxSimpTol MinSimpTol PipelineEc,hydrocarbons_Plains_500m.csv,615685,0
500m,Semiaridplains/hydrocarbons_semiaridplains_500m_eco_diameter.shp,15523,15523,33841806,2180,15523,FID_hydroc TPMS_ID OPER_LINK OPS_ID P5_NUM OPER_NM SYS_NM SUBSYS_NM T4PERMIT DIAMETER COMMODITY1 COMMODITY2 COMMODITY3 CMDTY_DESC INTERSTATE STATUS_CD QUALITY_CD SYSTYPE COUNTY COM_CARRIE PLINE_ID SYS_ID NPMS_SYS_I ALBERS_MIL LENGTH Dia_class Gas_group Symb_Class BUFF_DIST ORIG_FID FID_ECOREG US_L3CODE US_L3NAME NA_L3CODE NA_L3NAME NA_L2CODE NA_L2NAME NA_L1CODE NA_L1NAME STATE_NAME EPA_REGION L3_KEY L2_KEY L1_KEY ECOREGION_ Shape_Leng Shape_Area InPoly_FID MaxSimpTol MinSimpTol PipelineEc,hydrocarbons_SemiAridPlains_500m.csv,15523,0
500m,Semiaridprairies/hydrocarbon_semiaridprairies_500m_eco_diameter.shp,206937,206937,451124326,2180,206937,FID_hydroc TPMS_ID OPER_LINK OPS_ID P5_NUM OPER_NM SYS_NM SUBSYS_NM T4PERMIT DIAMETER COMMODITY1 COMMODITY2 COMMODITY3 CMDTY_DESC INTERSTATE STATUS_CD QUALITY_CD SYSTYPE COUNTY COM_CARRIE PLINE_ID SYS_ID NPMS_SYS_I ALBERS_MIL LENGTH Dia_class Gas_group Symb_Class BUFF_DIST ORIG_FID FID_ECOREG US_L3CODE US_L3NAME NA_L3CODE NA_L3NAME NA_L2CODE NA_L2NAME NA_L1CODE NA_L1NAME STATE_NAME EPA_REGION L3_KEY L2_KEY L1_KEY ECOREGION_ Shape_Leng Shape_Area InPoly_FID MaxSimpTol MinSimpTol PipelineEc,hydrocarbons_SemiAridPrairies_500m.csv,206937,0
