distance,file,kind,bytes,rows,regions,blank_rows,blank_pct,duplicate_ids,ids_with_space,ids_with_underscore,ndvi_min,ndvi_mean,ndvi_max,ndwi_min,ndwi_mean,ndwi_max,longest_number
100m,combined_all_regions_masterset.csv,combined,78581446,1514532,Plains: 980585 | SEMI-ARID_Prairies: 290867 | Deserts: 196823 | SEMIARID_Plains: 46257,158940,10.49,0,0,1514532,-0.4172074393217648,0.32907721184021776,0.8915989562940371,-0.6720941066741943,-0.41229152058496343,0.7907502055168152,22
100m,combined_desert_plains.csv,combined,58015957,1177408,Plains: 980585 | Deserts: 196823,127865,10.86,0,1177408,0,-0.4172074393217648,0.3558263148216457,0.8915989562940371,-0.6720941066741943,-0.3998717950081559,0.7907502055168152,22
100m,combined_semiaridprairie_plains.csv,combined,20566500,337124,SEMI-ARID Prairies: 290867 | SEMIARID Plains: 46257,31075,9.22,0,337124,0,-0.2960412236122918,0.23734571201359952,0.8704904810077881,-0.65792116522789,-0.4548828574005034,0.6985746684665157,19
100m,hydrocarbons_Deserts_100m.csv,region,9819173,196823,Deserts: 196823,29797,15.14,0,196823,0,0.0152654868403547,0.11468947923058762,0.3367010973967039,-0.5605671364328135,-0.3731020510728271,-0.0878889086069884,18
100m,hydrocarbons_Plains_100m.csv,region,49104986,980585,Plains: 980585,98068,10.0,0,980585,0,-0.4172074393217648,0.40146409981777836,0.8915989562940371,-0.6720941066741943,-0.404938262000341,0.7907502055168152,23
100m,hydrocarbons_SemiAridPlains_100m.csv,region,2616554,46257,SEMIARID Plains: 46257,8002,17.3,0,46257,0,-0.0745524185457093,0.2190122460925366,0.7064849195335918,-0.6318242936000882,-0.46905435447058713,0.1616332679986953,19
100m,hydrocarbons_SemiAridPrairies_100m.csv,region,18265630,290867,SEMI-ARID Prairies: 290867,23073,7.93,0,290867,0,-0.2960412236122918,0.2399646905523654,0.8704904810077881,-0.65792116522789,-0.45285842585828795,0.6985746684665157,19
250m,combined_hydrocarbons.csv,combined,22126856,417354,Plains: 341736 | Deserts: 63486 | SEMIARID Plains: 12132,0,0.0,0,0,417354,-0.4894045341701126,0.3655559642903129,0.847104563504119,-0.6702497665371213,-0.40913507755088135,0.7843937083416413,22
250m,hydrocarbon_liquids_250m_masterdataset.csv,combined,31286084,559411,Plains: 341736 | SEMI-ARID Prairies: 142057 | Deserts: 63486 | SEMIARID Plains: 12132,0,0.0,0,0,559411,-0.4894045341701126,0.33537353540731,0.8642251611198838,-0.6702497665371213,-0.4211929785344168,0.7843937083416413,22
250m,hydrocarbons_Deserts_250m.csv,region,3491343,63486,Deserts: 63486,0,0.0,0,0,63486,-0.0432603392390616,0.1189102332812458,0.2878047354963133,-0.541933105817071,-0.39361536491777926,0.0963710304552652,19
250m,hydrocarbons_Plains_250m.csv,region,18224106,341736,Plains: 341736,0,0.0,0,0,341736,-0.4894045341701126,0.41530962460788795,0.847104563504119,-0.6702497665371213,-0.40901418820976027,0.7843937083416413,23
250m,hydrocarbons_SemiAridPlains_250m.csv,region,755841,12132,SEMIARID Plains: 12132,0,0.0,0,0,12132,0.0306044598014537,0.2547691209466604,0.6241581168250536,-0.630704327506348,-0.4937539957920988,-0.1483459806683758,18
250m,hydrocarbons_SemiAridPrairiesEco_250m.csv,region,9305176,142057,SEMI-ARID Prairies: 142057,0,0.0,0,0,142057,-0.3713443493262559,0.2466995705619537,0.8642251611198838,-0.630434287404963,-0.45661828814311217,0.698595288840262,22
500m,combined_hydrocarbons_500m_masterdatset.csv,combined,52757381,950050,Plains: 615685 | SEMI-ARID Prairies: 206937 | Deserts: 111905 | SEMIARID Plains: 15523,0,0.0,0,0,950050,-0.4565994887378184,0.3348809169947065,0.8571018694570157,-0.6631603257326808,-0.41291040872536683,0.8108984628875964,19
500m,combined_hydrocarbons_exclduing_semiaridprairies.csv,combined,39397373,743113,Plains: 615685 | Deserts: 111905 | SEMIARID Plains: 15523,0,0.0,0,0,743113,-0.4565994887378184,0.3622645606222612,0.8498760379695803,-0.6631603257326808,-0.4014531567989907,0.8108984628875964,19
500m,hydrocarbons_Deserts_500m_diameter_eco.csv,region,6157717,111905,Deserts: 111905,0,0.0,0,0,111905,-0.1704213251107059,0.12084958039287615,0.4253423632325405,-0.5422382611103909,-0.40194548705117294,0.289097680977565,19
500m,hydrocarbons_Plains_500m.csv,region,32902151,615685,Plains: 615685,0,0.0,0,0,615685,-0.4565994887378184,0.4085293316500685,0.8498760379695803,-0.6631603257326808,-0.39875382946400134,0.8108984628875964,23
500m,hydrocarbons_SemiAridPlains_500m.csv,region,967683,15523,SEMIARID Plains: 15523,0,0.0,0,0,15523,-0.1652602086634301,0.26763193885544745,0.6360667548625666,-0.6576826646044546,-0.5049667259140109,0.1916320239712329,19
500m,hydrocarbons_SemiAridPrairies_500m.csv,region,13577183,206937,SEMI-ARID Prairies: 206937,0,0.0,0,0,206937,-0.2992186933225045,0.23654595723882435,0.8571018694570157,-0.6306883563119354,-0.45405352402502386,0.7003679286814365,23
