distance,combined,region_table,region_rows,found_in_combined,missing_from_combined,largest_ndvi_difference,combined_rows,combined_rows_in_no_region_table
100m,combined_all_regions_masterset.csv,hydrocarbons_Deserts_100m.csv,196823,196823,0,0.0,,
100m,combined_all_regions_masterset.csv,hydrocarbons_Plains_100m.csv,980585,980585,0,9.41900637346782e-17,,
100m,combined_all_regions_masterset.csv,hydrocarbons_SemiAridPlains_100m.csv,46257,0,46257,,,
100m,combined_all_regions_masterset.csv,hydrocarbons_SemiAridPrairies_100m.csv,290867,0,290867,,,
100m,combined_all_regions_masterset.csv,(all region tables together),1514532,1177408,337124,,1514532.0,337124.0
100m,combined_desert_plains.csv,hydrocarbons_Deserts_100m.csv,196823,196823,0,0.0,,
100m,combined_desert_plains.csv,hydrocarbons_Plains_100m.csv,980585,980585,0,9.41900637346782e-17,,
100m,combined_desert_plains.csv,hydrocarbons_SemiAridPlains_100m.csv,46257,0,46257,,,
100m,combined_desert_plains.csv,hydrocarbons_SemiAridPrairies_100m.csv,290867,0,290867,,,
100m,combined_desert_plains.csv,(all region tables together),1514532,1177408,337124,,1177408.0,0.0
100m,combined_semiaridprairie_plains.csv,hydrocarbons_Deserts_100m.csv,196823,0,196823,,,
100m,combined_semiaridprairie_plains.csv,hydrocarbons_Plains_100m.csv,980585,0,980585,,,
100m,combined_semiaridprairie_plains.csv,hydrocarbons_SemiAridPlains_100m.csv,46257,46257,0,0.0,,
100m,combined_semiaridprairie_plains.csv,hydrocarbons_SemiAridPrairies_100m.csv,290867,290867,0,0.0,,
100m,combined_semiaridprairie_plains.csv,(all region tables together),1514532,337124,1177408,,337124.0,0.0
250m,combined_hydrocarbons.csv,hydrocarbons_Deserts_250m.csv,63486,63486,0,0.0,,
250m,combined_hydrocarbons.csv,hydrocarbons_Plains_250m.csv,341736,341736,0,9.942133921692076e-17,,
250m,combined_hydrocarbons.csv,hydrocarbons_SemiAridPlains_250m.csv,12132,12132,0,0.0,,
250m,combined_hydrocarbons.csv,hydrocarbons_SemiAridPrairiesEco_250m.csv,142057,0,142057,,,
250m,combined_hydrocarbons.csv,(all region tables together),559411,417354,142057,,417354.0,0.0
250m,hydrocarbon_liquids_250m_masterdataset.csv,hydrocarbons_Deserts_250m.csv,63486,63486,0,0.0,,
250m,hydrocarbon_liquids_250m_masterdataset.csv,hydrocarbons_Plains_250m.csv,341736,341736,0,9.942133921692076e-17,,
250m,hydrocarbon_liquids_250m_masterdataset.csv,hydrocarbons_SemiAridPlains_250m.csv,12132,12132,0,0.0,,
250m,hydrocarbon_liquids_250m_masterdataset.csv,hydrocarbons_SemiAridPrairiesEco_250m.csv,142057,142057,0,6.711211447685272e-17,,
250m,hydrocarbon_liquids_250m_masterdataset.csv,(all region tables together),559411,559411,0,,559411.0,0.0
500m,combined_hydrocarbons_500m_masterdatset.csv,hydrocarbons_Deserts_500m_diameter_eco.csv,111905,111905,0,0.0,,
500m,combined_hydrocarbons_500m_masterdatset.csv,hydrocarbons_Plains_500m.csv,615685,615685,0,9.324138683375338e-17,,
500m,combined_hydrocarbons_500m_masterdatset.csv,hydrocarbons_SemiAridPlains_500m.csv,15523,15523,0,0.0,,
500m,combined_hydrocarbons_500m_masterdatset.csv,hydrocarbons_SemiAridPrairies_500m.csv,206937,206937,0,4.269046054161674e-17,,
500m,combined_hydrocarbons_500m_masterdatset.csv,(all region tables together),950050,950050,0,,950050.0,0.0
500m,combined_hydrocarbons_exclduing_semiaridprairies.csv,hydrocarbons_Deserts_500m_diameter_eco.csv,111905,111905,0,0.0,,
500m,combined_hydrocarbons_exclduing_semiaridprairies.csv,hydrocarbons_Plains_500m.csv,615685,615685,0,9.324138683375338e-17,,
500m,combined_hydrocarbons_exclduing_semiaridprairies.csv,hydrocarbons_SemiAridPlains_500m.csv,15523,15523,0,0.0,,
500m,combined_hydrocarbons_exclduing_semiaridprairies.csv,hydrocarbons_SemiAridPrairies_500m.csv,206937,0,206937,,,
500m,combined_hydrocarbons_exclduing_semiaridprairies.csv,(all region tables together),950050,743113,206937,,743113.0,0.0
