PipelineEcoID,NDVI,NDWI
2347_Deserts,0.1186946885411546,-0.397404576643764
21874_Deserts,0.1053788603640217,-0.3268512152323756
21904_Deserts,0.1201144545555659,-0.3897085268967044
21927_Deserts,0.125285725217479,-0.3755968132537025
80439_Deserts,0.101666416354778,-0.2971969492218991
80468_Deserts,0.1255264654594603,-0.3713783497761939
80471_Deserts,0.1323397354938999,-0.3900125106864242
80491_Deserts,0.1274112051949138,-0.3785021496888122
171993_Deserts,0.0993871215806673,-0.3039199895773785
172023_Deserts,0.1224651026013203,-0.363407439361917
5727_Deserts,0.1220885991101248,-0.3673625801234454
21928_Deserts,0.125285725217479,-0.3755968132537025
36352_Deserts,0.1129027287468656,-0.3665756296124422
36356_Deserts,0.1069837013388624,-0.3775461466005533
80472_Deserts,0.1323397354938999,-0.3900125106864242
80475_Deserts,0.1227880150666927,-0.369429382248691
80493_Deserts,0.1274112051949138,-0.3785021496888122
104790_Deserts,0.1011704862050012,-0.3553234600342329
172025_Deserts,0.1224651026013203,-0.363407439361917
36355_Deserts,0.1069837013388624,-0.3775461466005533
104789_Deserts,0.1011704862050012,-0.3553234600342329
2352_Deserts,0.0998736605900975,-0.3160991944405945
3065_Deserts,0.1000149909576378,-0.3347185103004781
24522_Deserts,0.1064737853447055,-0.3460087655045697
3048_Deserts,0.1079300625373727,-0.3591964360931118
24521_Deserts,0.1064737853447055,-0.3460087655045697
2344_Deserts,0.103055858955963,-0.3617851165764825
21919_Deserts,0.096025055655921,-0.3002916883018054
21920_Deserts,0.096025055655921,-0.3002916883018054
2336_Deserts,0.105724522364571,-0.3392498006888037
21865_Deserts,0.1038987763845909,-0.3312007318172427
21871_Deserts,0.1057256714275665,-0.331508400365734
21873_Deserts,0.1053788603640217,-0.3268512152323756
80431_Deserts,0.0995775929553012,-0.3074919500240173
80437_Deserts,0.101666416354778,-0.2971969492218991
171990_Deserts,0.0993871215806673,-0.3039199895773785
52809_Deserts,0.0875615272717219,-0.2775782079212841
52815_Deserts,0.1167120551276648,-0.3309312550719013
52817_Deserts,0.1089377759123508,-0.3244899548577184
52819_Deserts,0.0985955535425844,-0.3131679573160736
52821_Deserts,0.1034132695323756,-0.3233183055403716
52823_Deserts,0.1085353153636615,-0.335468453209469
52825_Deserts,0.1039560735225677,-0.3299535512924194
132736_Deserts,0.0773569851383741,-0.2876315299695293
132739_Deserts,0.1117190568355386,-0.2977109113514459
132745_Deserts,0.0964208459650246,-0.2771660643863965
132748_Deserts,0.0965793179919757,-0.3071712210087025
132751_Deserts,0.1053772506344755,-0.3166748537604841
132754_Deserts,0.115348343924462,-0.3117119685208133
239678_Deserts,0.1263009149151224,-0.3048354547356827
239686_Deserts,0.1039275026147476,-0.3005345220206482
239690_Deserts,0.0879563938294138,-0.2915318880762373
239694_Deserts,0.1022448921557105,-0.3125054240193817
358327_Deserts,0.1184297485267115,-0.3120111075493388
358332_Deserts,0.1111654307967881,-0.3022975000575909
358337_Deserts,0.1021012123280266,-0.3006197406798894
358342_Deserts,0.0944959450213388,-0.2974420072142981
358347_Deserts,0.0947521599880654,-0.3019727606460344
476014_Deserts,0.1355015687526218,-0.3379045360618167
476020_Deserts,0.1011775489896535,-0.2814519845810878
476026_Deserts,0.1033731498693188,-0.2907627505850381
476032_Deserts,0.1093069958987281,-0.2974083238835685
476038_Deserts,0.0970346546588872,-0.3059241310754081
476044_Deserts,0.100346561776586,-0.3115388339899429
476050_Deserts,0.0980936308269915,-0.3000065360380256
476056_Deserts,0.0994590548307414,-0.2976868025415758
589538_Deserts,0.1073529816054283,-0.2960623128617064
589545_Deserts,0.1069650606657484,-0.3070445605304858
589552_Deserts,0.0969655726637159,-0.2772060375128473
589559_Deserts,0.0991641615790532,-0.2895834851533846
589566_Deserts,0.1017945848691922,-0.2838334650682979
589573_Deserts,0.1053720969542767,-0.3073944234810535
589580_Deserts,0.1072854941462186,-0.3014724320215139
696607_Deserts,0.0984555628636608,-0.288250641654367
696615_Deserts,0.1186939999461174,-0.3324324488639831
696623_Deserts,0.0969647968808809,-0.2843619578414493
696631_Deserts,0.1011365213957817,-0.283912184121816
696639_Deserts,,
696647_Deserts,0.1068779228665338,-0.3072756884330446
795289_Deserts,0.0979510679841041,-0.2891164034605026
795298_Deserts,0.1071746078241901,-0.3010120357561605
883390_Deserts,0.1029793779469198,-0.29767873386542
9264_Deserts,0.0931487673346674,-0.2867499680303367
52810_Deserts,0.0875615272717219,-0.2775782079212841
52831_Deserts,0.0720621307115048,-0.2577996248568313
52833_Deserts,0.0619009803223164,-0.2181760767374296
132760_Deserts,0.0750113965095197,-0.2631060787688384
2340_Deserts,0.1051790616498448,-0.3345543695228877
21893_Deserts,0.1025967732429291,-0.3227043453849797
21895_Deserts,0.09315021053385,-0.3013973211222196
21897_Deserts,0.0865812339992295,-0.2637774991402867
21899_Deserts,0.0990330552853178,-0.3271912409064031
80455_Deserts,0.0937426708297747,-0.2940502783913384
80458_Deserts,0.0937179838213003,-0.2814923301726246
52999_Deserts,0.1057940480284466,-0.322840540284219
53003_Deserts,0.0905317738798646,-0.2979808646080656
132985_Deserts,0.1067932547051187,-0.3054007557632551
53000_Deserts,0.1057940480284466,-0.322840540284219
53011_Deserts,0.0855891331629828,-0.2782685953307504
53013_Deserts,0.1118539862115389,-0.3325009445525216
132991_Deserts,0.0883337696502843,-0.273467578639729
7083_Deserts,0.1298696597989637,-0.4493567704240759
42627_Deserts,0.0921427735923586,-0.2913067442255281
42629_Deserts,0.1387012628249059,-0.4653785315898357
42631_Deserts,0.1248773188272909,-0.4642313874412977
42633_Deserts,0.1269752876697855,-0.4262499950164342
42635_Deserts,0.1120329751352525,-0.3277522155048148
42637_Deserts,0.1214183427542407,-0.4046531679937659
115898_Deserts,0.1102155819535255,-0.3950755000114441
115901_Deserts,0.0697339333746277,-0.2292499943482066
115945_Deserts,0.1479737723256623,-0.4839151664819132
115948_Deserts,0.098214839172805,-0.2970297543658869
115951_Deserts,0.1426987875908942,-0.4824640928927579
115954_Deserts,0.1302261216767873,-0.4360288011497598
115957_Deserts,0.1330933270884044,-0.451133167148948
115960_Deserts,0.0696961220723463,-0.2469402371242293
115963_Deserts,0.130780231090246,-0.4510984166111565
115966_Deserts,0.1355391855728021,-0.464447622369171
115969_Deserts,0.1049691246736975,-0.3625409745546125
219003_Deserts,0.1008602391056862,-0.3529380207414058
219007_Deserts,0.0695720851995691,-0.2288554211331342
219011_Deserts,0.0921173617050216,-0.2996816710182391
219054_Deserts,0.1398906367051035,-0.4621963549457508
219058_Deserts,0.1357988155383913,-0.4628007315462464
219062_Deserts,0.1277800766178438,-0.437745623876466
219066_Deserts,0.0759264463452309,-0.2297357288414486
219070_Deserts,0.0696938589136016,-0.2462533938282347
337138_Deserts,0.0998224901423611,-0.3498354302354319
337143_Deserts,0.0715068811664122,-0.2355575230335139
337148_Deserts,0.0724905641689712,-0.2362266524927115
337177_Deserts,0.0608455186535706,-0.215859215748152
337182_Deserts,0.0710296836266011,-0.2409501711185993
456545_Deserts,0.071675346760143,-0.2260357966284961
456551_Deserts,0.0726160023224538,-0.2388813398792849
456562_Deserts,0.0620302137726305,-0.2216894863258618
456568_Deserts,0.0697360814232684,-0.232683961132917
42628_Deserts,0.0921427735923586,-0.2913067442255281
42639_Deserts,0.1382205742387812,-0.4823303071077726
42641_Deserts,0.1188009611949751,-0.4111824221506812
42643_Deserts,0.116787400034611,-0.3965922455922375
42645_Deserts,0.1450407936387317,-0.4821672226621856
42647_Deserts,0.121439048513346,-0.4552940051442249
42649_Deserts,0.083178095459828,-0.2623691121024932
42653_Deserts,0.1209742847952683,-0.4057129335606735
115946_Deserts,0.1479737723256623,-0.4839151664819132
115949_Deserts,0.098214839172805,-0.2970297543658869
115972_Deserts,0.1295611847662714,-0.4413263821875536
219055_Deserts,0.1398906367051035,-0.4621963549457508
7088_Deserts,0.1124378018723596,-0.3853904709261303
42715_Deserts,0.1301342063669394,-0.3885477498491106
42729_Deserts,0.1186837706364501,-0.3512022072883964
116140_Deserts,0.1634257587045094,-0.4094735783132874
116143_Deserts,0.1451725139684813,-0.3858150320782794
116155_Deserts,0.1307612520420679,-0.3574625344587922
219430_Deserts,0.1616664951742168,-0.4119108262027113
219434_Deserts,0.1258038966884656,-0.3660387990360568
219438_Deserts,0.1430368585838085,-0.3838955429180863
337917_Deserts,0.1463047495247899,-0.3896998902642313
7100_Deserts,0.1044270411826843,-0.3417246861513271
42716_Deserts,0.1301342063669394,-0.3885477498491106
42855_Deserts,0.1264011705769503,-0.3707618556850944
42856_Deserts,0.1264011705769503,-0.3707618556850944
53099_Deserts,0.1206805064536298,-0.3698410255905267
116141_Deserts,0.1634257587045094,-0.4094735783132874
116144_Deserts,0.1451725139684813,-0.3858150320782794
116145_Deserts,0.1451725139684813,-0.3858150320782794
116377_Deserts,0.1578217170856617,-0.3704027941933384
116380_Deserts,0.1346784067317695,-0.3778629028531738
116381_Deserts,0.1346784067317695,-0.3778629028531738
117434_Deserts,0.1575836394823639,-0.4068741748606305
219431_Deserts,0.1616664951742168,-0.4119108262027113
219433_Deserts,0.1616664951742168,-0.4119108262027113
219435_Deserts,0.1258038966884656,-0.3660387990360568
219439_Deserts,0.1430368585838085,-0.3838955429180863
219440_Deserts,0.1430368585838085,-0.3838955429180863
219690_Deserts,0.1653191558904637,-0.4076275597724468
219692_Deserts,0.1653191558904637,-0.4076275597724468
337918_Deserts,0.1463047495247899,-0.3896998902642313
337920_Deserts,0.1463047495247899,-0.3896998902642313
7123_Deserts,0.1220216369968827,-0.4299890925329659
42672_Deserts,0.1380940782633907,-0.4724911568906827
42812_Deserts,0.1237238007196141,-0.4580826861769084
42832_Deserts,0.1100363956817316,-0.3423801511950196
42874_Deserts,0.1321216537065578,-0.4566781719175862
42948_Deserts,0.1145279559203766,-0.367576533758473
42986_Deserts,0.1049833965792831,-0.3183769099042629
42990_Deserts,0.0795027344090011,-0.2641748882259235
43085_Deserts,0.0919710560209945,-0.2693248521002633
115959_Deserts,0.1330933270884044,-0.451133167148948
115968_Deserts,0.1355391855728021,-0.464447622369171
116603_Deserts,0.0929940599692262,-0.2819516965688428
116609_Deserts,0.0806420759667835,-0.2637293433114333
219065_Deserts,0.1277800766178438,-0.437745623876466
219988_Deserts,0.0817171019670084,-0.2547230221860116
2349_Deserts,0.1034490703614215,-0.3309766924858012
9424_Deserts,0.0818684144525338,-0.2805613310921271
21894_Deserts,0.1025967732429291,-0.3227043453849797
21912_Deserts,0.1034175661197158,-0.3390557660796634
21931_Deserts,0.0978660821530057,-0.3043975820047623
21933_Deserts,0.0977122755847519,-0.3149904753858518
