old_path,new_path,type
projects/research-476723/assets/100m/NGdeserts,projects/research-476723/assets/geog391_gis_day_2025/100m/NGdeserts,TABLE
projects/research-476723/assets/100m/NGplains,projects/research-476723/assets/geog391_gis_day_2025/100m/NGplains,TABLE
projects/research-476723/assets/100m/NGsemiaridplain,projects/research-476723/assets/geog391_gis_day_2025/100m/NGsemiaridplain,TABLE
projects/research-476723/assets/100m/NGsemiaridprairies,projects/research-476723/assets/geog391_gis_day_2025/100m/NGsemiaridprairies,TABLE
projects/research-476723/assets/100m/hydrocarbon_plains,projects/research-476723/assets/geog391_gis_day_2025/100m/hydrocarbon_plains,TABLE
projects/research-476723/assets/100m/hydrocarbon_semiaridplains,projects/research-476723/assets/geog391_gis_day_2025/100m/hydrocarbon_semiaridplains,TABLE
projects/research-476723/assets/100m/hydrocarbon_semiaridprairies,projects/research-476723/assets/geog391_gis_day_2025/100m/hydrocarbon_semiaridprairies,TABLE
projects/research-476723/assets/100m/hydrocarbondesserts,projects/research-476723/assets/geog391_gis_day_2025/100m/hydrocarbondesserts,TABLE
projects/research-476723/assets/100m/naturalgas100mdesserts,projects/research-476723/assets/geog391_gis_day_2025/100m/naturalgas100mdesserts,TABLE
projects/research-476723/assets/250m/hydrocarbon_250m_plains,projects/research-476723/assets/geog391_gis_day_2025/250m/hydrocarbon_250m_plains,TABLE
projects/research-476723/assets/250m/hydrocarbon_250m_semiaridplains,projects/research-476723/assets/geog391_gis_day_2025/250m/hydrocarbon_250m_semiaridplains,TABLE
projects/research-476723/assets/250m/hydrocarbon_250m_semiaridprairies,projects/research-476723/assets/geog391_gis_day_2025/250m/hydrocarbon_250m_semiaridprairies,TABLE
projects/research-476723/assets/250m/hyrdrocarbon_deserts250m,projects/research-476723/assets/geog391_gis_day_2025/250m/hyrdrocarbon_deserts250m,TABLE
projects/research-476723/assets/250m/naturalgas_250m_deserts,projects/research-476723/assets/geog391_gis_day_2025/250m/naturalgas_250m_deserts,TABLE
projects/research-476723/assets/250m/naturalgas_250m_plains,projects/research-476723/assets/geog391_gis_day_2025/250m/naturalgas_250m_plains,TABLE
projects/research-476723/assets/250m/naturalgas_250m_semiaridplains,projects/research-476723/assets/geog391_gis_day_2025/250m/naturalgas_250m_semiaridplains,TABLE
projects/research-476723/assets/250m/naturalgas_250m_semiaridprairies,projects/research-476723/assets/geog391_gis_day_2025/250m/naturalgas_250m_semiaridprairies,TABLE
projects/research-476723/assets/500m/hydrocarbon500m_semiaridprairie,projects/research-476723/assets/geog391_gis_day_2025/500m/hydrocarbon500m_semiaridprairie,TABLE
projects/research-476723/assets/500m/hydrocarbonbuffer500m_dessert,projects/research-476723/assets/geog391_gis_day_2025/500m/hydrocarbonbuffer500m_dessert,TABLE
projects/research-476723/assets/500m/hyrdocarbon500m_semiaridplains,projects/research-476723/assets/geog391_gis_day_2025/500m/hyrdocarbon500m_semiaridplains,TABLE
projects/research-476723/assets/500m/hyrdocarbons500m_plain,projects/research-476723/assets/geog391_gis_day_2025/500m/hyrdocarbons500m_plain,TABLE
projects/research-476723/assets/Hydrocarbon_semiaridprairies_500m_eco_diameter,projects/research-476723/assets/geog391_gis_day_2025/Hydrocarbon_semiaridprairies_500m_eco_diameter,TABLE
projects/research-476723/assets/hydrocarbon250m_deserts_eco,projects/research-476723/assets/geog391_gis_day_2025/hydrocarbon250m_deserts_eco,TABLE
projects/research-476723/assets/hydrocarbon250m_plains_eco,projects/research-476723/assets/geog391_gis_day_2025/hydrocarbon250m_plains_eco,TABLE
projects/research-476723/assets/hydrocarbon250m_semiaridplains_eco,projects/research-476723/assets/geog391_gis_day_2025/hydrocarbon250m_semiaridplains_eco,TABLE
projects/research-476723/assets/hydrocarbon250m_semiaridprairies_eco,projects/research-476723/assets/geog391_gis_day_2025/hydrocarbon250m_semiaridprairies_eco,TABLE
projects/research-476723/assets/hydrocarbon_100m_deserts_diameter,projects/research-476723/assets/geog391_gis_day_2025/hydrocarbon_100m_deserts_diameter,TABLE
projects/research-476723/assets/hydrocarbon_100m_plains_eco,projects/research-476723/assets/geog391_gis_day_2025/hydrocarbon_100m_plains_eco,TABLE
projects/research-476723/assets/hydrocarbon_100m_semiaridplains_eco,projects/research-476723/assets/geog391_gis_day_2025/hydrocarbon_100m_semiaridplains_eco,TABLE
projects/research-476723/assets/hydrocarbon_100m_semiaridprairies_eco,projects/research-476723/assets/geog391_gis_day_2025/hydrocarbon_100m_semiaridprairies_eco,TABLE
projects/research-476723/assets/hydrocarbon_desserts_500m_eco_diameter,projects/research-476723/assets/geog391_gis_day_2025/hydrocarbon_desserts_500m_eco_diameter,TABLE
projects/research-476723/assets/hydrocarbon_plains_500m_eco_diameter,projects/research-476723/assets/geog391_gis_day_2025/hydrocarbon_plains_500m_eco_diameter,TABLE
projects/research-476723/assets/hydrocarbon_semiaridplains_500m_eco_diameter,projects/research-476723/assets/geog391_gis_day_2025/hydrocarbon_semiaridplains_500m_eco_diameter,TABLE
